,client_ip,user,time,request,http_status,request_body_bytes,referer,user_agent
479,167.94.138.41,,2024-11-07 00:00:57,PRI * HTTP/2.0,400,166,,
371188,195.252.220.48,,2024-11-07 20:43:20,GET /courses/CS25100/exams/SPRING-2022-2/acb73526-7f25-4027-9998-59c73a3d3a22 HTTP/2.0,200,1073,,"Mozilla/5.0 (Windows NT 10.0; Win64; x64) AppleWebKit/537.36 (KHTML, like Gecko) Chrome/130.0.0.0 Safari/537.36"
371205,195.252.220.48,,2024-11-07 20:43:21,GET /courses/CS25100/exams/SPRING-2022-2 HTTP/2.0,200,2069,https://www.boilerexams.com/,"Mozilla/5.0 (Windows NT 10.0; Win64; x64) AppleWebKit/537.36 (KHTML, like Gecko) Chrome/130.0.0.0 Safari/537.36"
371404,195.252.220.48,,2024-11-07 20:43:36,GET /courses/CS25100/exams/SPRING-2022-2 HTTP/2.0,304,0,https://www.boilerexams.com/,"Mozilla/5.0 (Windows NT 10.0; Win64; x64) AppleWebKit/537.36 (KHTML, like Gecko) Chrome/130.0.0.0 Safari/537.36"
371817,195.252.220.48,,2024-11-07 20:44:22,GET /courses/CS25100/exams/SPRING-2022-2 HTTP/2.0,304,0,https://www.boilerexams.com/,"Mozilla/5.0 (Windows NT 10.0; Win64; x64) AppleWebKit/537.36 (KHTML, like Gecko) Chrome/130.0.0.0 Safari/537.36"
372539,195.252.220.48,,2024-11-07 20:45:31,GET /courses/CS25100/exams/SPRING-2022-2 HTTP/2.0,304,0,https://www.boilerexams.com/,"Mozilla/5.0 (Windows NT 10.0; Win64; x64) AppleWebKit/537.36 (KHTML, like Gecko) Chrome/130.0.0.0 Safari/537.36"
388914,195.252.220.48,,2024-11-07 21:08:57,GET /courses/CS25100/exams/SPRING-2022-2 HTTP/2.0,200,2053,https://www.boilerexams.com/,"Mozilla/5.0 (Windows NT 10.0; Win64; x64) AppleWebKit/537.36 (KHTML, like Gecko) Chrome/130.0.0.0 Safari/537.36"
398956,128.210.106.75,,2024-11-07 21:22:34,GET /courses/MA15800/exams/SPRING-2023-3/5a7a999b-7adc-41d4-bcbd-2aba6980fece HTTP/2.0,200,1073,,"Mozilla/5.0 (Windows NT 10.0; Win64; x64) AppleWebKit/537.36 (KHTML, like Gecko) Chrome/130.0.0.0 Safari/537.36"
398987,128.210.106.75,,2024-11-07 21:22:35,GET /courses/MA15800/exams/SPRING-2023-3 HTTP/2.0,200,2340,https://www.boilerexams.com/,"Mozilla/5.0 (Windows NT 10.0; Win64; x64) AppleWebKit/537.36 (KHTML, like Gecko) Chrome/130.0.0.0 Safari/537.36"
399099,128.210.106.75,,2024-11-07 21:22:40,GET /courses/MA15800/exams/SPRING-2023-3 HTTP/2.0,304,0,https://www.boilerexams.com/,"Mozilla/5.0 (Windows NT 10.0; Win64; x64) AppleWebKit/537.36 (KHTML, like Gecko) Chrome/130.0.0.0 Safari/537.36"
399387,128.210.106.75,,2024-11-07 21:22:59,GET /courses/MA15800/exams/SPRING-2023-3 HTTP/2.0,304,0,https://www.boilerexams.com/,"Mozilla/5.0 (Windows NT 10.0; Win64; x64) AppleWebKit/537.36 (KHTML, like Gecko) Chrome/130.0.0.0 Safari/537.36"
399583,128.210.106.75,,2024-11-07 21:23:14,GET /courses/MA15800/exams/SPRING-2023-3 HTTP/2.0,304,0,https://www.boilerexams.com/,"Mozilla/5.0 (Windows NT 10.0; Win64; x64) AppleWebKit/537.36 (KHTML, like Gecko) Chrome/130.0.0.0 Safari/537.36"
400146,128.210.106.75,,2024-11-07 21:24:01,GET /courses/MA15800/exams/SPRING-2023-3 HTTP/2.0,304,0,https://www.boilerexams.com/,"Mozilla/5.0 (Windows NT 10.0; Win64; x64) AppleWebKit/537.36 (KHTML, like Gecko) Chrome/130.0.0.0 Safari/537.36"
400272,128.210.106.75,,2024-11-07 21:24:06,GET /courses/MA15800/exams/SPRING-2023-3 HTTP/2.0,304,0,https://www.boilerexams.com/,"Mozilla/5.0 (Windows NT 10.0; Win64; x64) AppleWebKit/537.36 (KHTML, like Gecko) Chrome/130.0.0.0 Safari/537.36"
401357,128.210.106.75,,2024-11-07 21:25:23,GET /courses/MA15800/exams/SPRING-2023-3 HTTP/2.0,304,0,https://www.boilerexams.com/,"Mozilla/5.0 (Windows NT 10.0; Win64; x64) AppleWebKit/537.36 (KHTML, like Gecko) Chrome/130.0.0.0 Safari/537.36"
401556,128.210.106.75,,2024-11-07 21:25:37,GET /courses/MA15800/exams/SPRING-2023-3 HTTP/2.0,304,0,https://www.boilerexams.com/,"Mozilla/5.0 (Windows NT 10.0; Win64; x64) AppleWebKit/537.36 (KHTML, like Gecko) Chrome/130.0.0.0 Safari/537.36"
401809,128.210.106.75,,2024-11-07 21:25:53,GET /courses/MA15800/exams/SPRING-2023-3 HTTP/2.0,304,0,https://www.boilerexams.com/,"Mozilla/5.0 (Windows NT 10.0; Win64; x64) AppleWebKit/537.36 (KHTML, like Gecko) Chrome/130.0.0.0 Safari/537.36"
403311,195.252.220.48,,2024-11-07 21:27:50,GET /courses/CS25100/exams/SPRING-2022-2 HTTP/2.0,304,0,https://www.boilerexams.com/,"Mozilla/5.0 (Windows NT 10.0; Win64; x64) AppleWebKit/537.36 (KHTML, like Gecko) Chrome/130.0.0.0 Safari/537.36"
448797,195.252.220.48,,2024-11-07 22:27:06,GET /courses/CS25100/exams/SPRING-2022-2 HTTP/2.0,200,2064,https://www.boilerexams.com/,"Mozilla/5.0 (Windows NT 10.0; Win64; x64) AppleWebKit/537.36 (KHTML, like Gecko) Chrome/130.0.0.0 Safari/537.36"
451297,195.252.220.48,,2024-11-07 22:30:00,GET /courses/CS25100/exams/SPRING-2022-2 HTTP/2.0,304,0,https://www.boilerexams.com/,"Mozilla/5.0 (Windows NT 10.0; Win64; x64) AppleWebKit/537.36 (KHTML, like Gecko) Chrome/130.0.0.0 Safari/537.36"
451389,195.252.220.48,,2024-11-07 22:30:10,GET /courses/CS25100/exams/SPRING-2022-2 HTTP/2.0,304,0,https://www.boilerexams.com/,"Mozilla/5.0 (Windows NT 10.0; Win64; x64) AppleWebKit/537.36 (KHTML, like Gecko) Chrome/130.0.0.0 Safari/537.36"
463769,167.94.138.62,,2024-11-07 22:47:26,PRI * HTTP/2.0,400,166,,
518016,199.45.155.111,,2024-11-08 00:03:23,PRI * HTTP/2.0,400,166,,
567875,167.94.146.53,,2024-11-08 01:38:53,PRI * HTTP/2.0,400,166,,
588248,206.168.34.206,,2024-11-08 02:16:11,PRI * HTTP/2.0,400,166,,
659430,199.45.154.140,,2024-11-08 05:03:25,PRI * HTTP/2.0,400,166,,
680008,206.168.34.124,,2024-11-08 07:32:21,PRI * HTTP/2.0,400,166,,
745632,47.236.200.126,,2024-11-08 16:51:29,PRI * HTTP/2.0,400,166,,
745638,47.236.200.126,,2024-11-08 16:51:31,PRI * HTTP/2.0,400,166,,
745663,47.236.200.126,,2024-11-08 16:51:33,PRI * HTTP/2.0,400,166,,
745683,47.236.200.126,,2024-11-08 16:51:36,PRI * HTTP/2.0,400,166,,
768762,199.45.155.79,,2024-11-08 17:55:23,PRI * HTTP/2.0,400,166,,
794498,162.142.125.45,,2024-11-08 18:57:23,PRI * HTTP/2.0,400,166,,
947118,167.94.145.111,,2024-11-09 01:53:08,PRI * HTTP/2.0,400,166,,
1065763,86.48.9.18,,2024-11-09 16:15:18,GET /courses/MA16600/exams/SPRING-2024-2/2ff4fd6b-7ba3-4698-91ec-22497c97e794 HTTP/2.0,304,0,,"Mozilla/5.0 (iPhone; CPU iPhone OS 18_1 like Mac OS X) AppleWebKit/605.1.15 (KHTML, like Gecko) Version/18.1 Mobile/15E148 Safari/604.1"
1065775,86.48.9.18,,2024-11-09 16:15:18,GET /courses/MA16600/exams/SPRING-2024-2 HTTP/2.0,200,874,https://www.boilerexams.com/,"Mozilla/5.0 (iPhone; CPU iPhone OS 18_1 like Mac OS X) AppleWebKit/605.1.15 (KHTML, like Gecko) Version/18.1 Mobile/15E148 Safari/604.1"
1065894,86.48.9.18,,2024-11-09 16:15:38,GET /courses/MA16600/exams/SPRING-2024-2 HTTP/2.0,304,0,https://www.boilerexams.com/,"Mozilla/5.0 (iPhone; CPU iPhone OS 18_1 like Mac OS X) AppleWebKit/605.1.15 (KHTML, like Gecko) Version/18.1 Mobile/15E148 Safari/604.1"
1265962,128.210.106.54,,2024-11-09 21:01:24,GET /courses/MA16200/exams/SPRING-2022-FINAL/52853e2e-a47c-4847-b0e4-c0114860a5e7 HTTP/2.0,200,1073,,"Mozilla/5.0 (Macintosh; Intel Mac OS X 10_15_7) AppleWebKit/537.36 (KHTML, like Gecko) Chrome/130.0.0.0 Safari/537.36"
1265979,128.210.106.54,,2024-11-09 21:01:24,GET /courses/MA16200/exams/SPRING-2022-0 HTTP/2.0,200,4332,https://www.boilerexams.com/,"Mozilla/5.0 (Macintosh; Intel Mac OS X 10_15_7) AppleWebKit/537.36 (KHTML, like Gecko) Chrome/130.0.0.0 Safari/537.36"
1273338,128.210.106.68,,2024-11-09 21:07:38,GET /courses/MA16200/exams/SPRING-2022-FINAL/52853e2e-a47c-4847-b0e4-c0114860a5e7 HTTP/2.0,200,864,,"Mozilla/5.0 (Macintosh; Intel Mac OS X 10_15_7) AppleWebKit/605.1.15 (KHTML, like Gecko) Version/18.1 Safari/605.1.15"
1273373,128.210.106.68,,2024-11-09 21:07:39,GET /courses/MA16200/exams/SPRING-2022-0 HTTP/2.0,200,4317,https://www.boilerexams.com/,"Mozilla/5.0 (Macintosh; Intel Mac OS X 10_15_7) AppleWebKit/605.1.15 (KHTML, like Gecko) Version/18.1 Safari/605.1.15"
1396993,185.172.53.134,,2024-11-09 22:52:41,GET /courses/MA16200/exams/SPRING-2022-FINAL/52853e2e-a47c-4847-b0e4-c0114860a5e7 HTTP/2.0,200,864,,"Mozilla/5.0 (iPhone; CPU iPhone OS 18_0_1 like Mac OS X) AppleWebKit/605.1.15 (KHTML, like Gecko) Version/18.0.1 Mobile/15E148 Safari/604.1"
1397012,185.172.53.134,,2024-11-09 22:52:42,GET /courses/MA16200/exams/SPRING-2022-0 HTTP/2.0,200,4322,https://www.boilerexams.com/,"Mozilla/5.0 (iPhone; CPU iPhone OS 18_0_1 like Mac OS X) AppleWebKit/605.1.15 (KHTML, like Gecko) Version/18.0.1 Mobile/15E148 Safari/604.1"
1613599,128.211.252.245,,2024-11-10 03:32:37,GET /courses/MA16200/exams/SPRING-2022-FINAL/52853e2e-a47c-4847-b0e4-c0114860a5e7 HTTP/2.0,200,1073,,"Mozilla/5.0 (X11; Linux x86_64) AppleWebKit/537.36 (KHTML, like Gecko) Chrome/130.0.0.0 Safari/537.36"
1613619,128.211.252.245,,2024-11-10 03:32:39,GET /courses/MA16200/exams/SPRING-2022-0 HTTP/2.0,200,4323,https://www.boilerexams.com/,"Mozilla/5.0 (X11; Linux x86_64) AppleWebKit/537.36 (KHTML, like Gecko) Chrome/130.0.0.0 Safari/537.36"
1614504,128.211.252.245,,2024-11-10 03:34:04,GET /courses/MA16200/exams/SPRING-2022-0 HTTP/2.0,304,0,https://www.boilerexams.com/,"Mozilla/5.0 (X11; Linux x86_64) AppleWebKit/537.36 (KHTML, like Gecko) Chrome/130.0.0.0 Safari/537.36"
1734085,192.69.182.54,,2024-11-10 13:44:16,GET /courses/MA16600/exams/SPRING-2024-2/2ff4fd6b-7ba3-4698-91ec-22497c97e794 HTTP/2.0,200,864,,"Mozilla/5.0 (iPhone; CPU iPhone OS 18_1 like Mac OS X) AppleWebKit/605.1.15 (KHTML, like Gecko) Version/18.1 Mobile/15E148 Safari/604.1"
1734090,192.69.182.54,,2024-11-10 13:44:16,GET /courses/MA16600/exams/SPRING-2024-2 HTTP/2.0,200,906,https://www.boilerexams.com/,"Mozilla/5.0 (iPhone; CPU iPhone OS 18_1 like Mac OS X) AppleWebKit/605.1.15 (KHTML, like Gecko) Version/18.1 Mobile/15E148 Safari/604.1"
1734143,192.69.182.54,,2024-11-10 13:44:55,GET /courses/MA26600/exams/SPRING-2017-FINAL/9a28ca44-c264-4e7e-b2b8-dda5e92e269e HTTP/2.0,200,864,,"Mozilla/5.0 (iPhone; CPU iPhone OS 18_1 like Mac OS X) AppleWebKit/605.1.15 (KHTML, like Gecko) Version/18.1 Mobile/15E148 Safari/604.1"
1734148,192.69.182.54,,2024-11-10 13:44:55,GET /courses/MA26600/exams/SPRING-2017-0 HTTP/2.0,200,3699,https://www.boilerexams.com/,"Mozilla/5.0 (iPhone; CPU iPhone OS 18_1 like Mac OS X) AppleWebKit/605.1.15 (KHTML, like Gecko) Version/18.1 Mobile/15E148 Safari/604.1"
1734277,192.69.182.54,,2024-11-10 13:47:55,GET /courses/MA26600/exams/SPRING-2017-0 HTTP/2.0,304,0,https://www.boilerexams.com/,"Mozilla/5.0 (iPhone; CPU iPhone OS 18_1 like Mac OS X) AppleWebKit/605.1.15 (KHTML, like Gecko) Version/18.1 Mobile/15E148 Safari/604.1"
1734282,192.69.182.54,,2024-11-10 13:48:02,GET /courses/MA16200/exams/SPRING-2022-FINAL/52853e2e-a47c-4847-b0e4-c0114860a5e7 HTTP/2.0,200,864,,"Mozilla/5.0 (iPhone; CPU iPhone OS 18_1 like Mac OS X) AppleWebKit/605.1.15 (KHTML, like Gecko) Version/18.1 Mobile/15E148 Safari/604.1"
1734287,192.69.182.54,,2024-11-10 13:48:03,GET /courses/MA16200/exams/SPRING-2022-0 HTTP/2.0,200,4325,https://www.boilerexams.com/,"Mozilla/5.0 (iPhone; CPU iPhone OS 18_1 like Mac OS X) AppleWebKit/605.1.15 (KHTML, like Gecko) Version/18.1 Mobile/15E148 Safari/604.1"
1734298,192.69.182.54,,2024-11-10 13:48:09,GET /courses/MA16200/exams/SPRING-2022-0 HTTP/2.0,304,0,https://www.boilerexams.com/,"Mozilla/5.0 (iPhone; CPU iPhone OS 18_1 like Mac OS X) AppleWebKit/605.1.15 (KHTML, like Gecko) Version/18.1 Mobile/15E148 Safari/604.1"
1734303,192.69.182.54,,2024-11-10 13:48:10,GET /courses/MA16200/exams/SPRING-2022-0 HTTP/2.0,304,0,https://www.boilerexams.com/,"Mozilla/5.0 (iPhone; CPU iPhone OS 18_1 like Mac OS X) AppleWebKit/605.1.15 (KHTML, like Gecko) Version/18.1 Mobile/15E148 Safari/604.1"
1734307,192.69.182.54,,2024-11-10 13:48:10,GET /courses/MA16200/exams/SPRING-2022-0 HTTP/2.0,304,0,https://www.boilerexams.com/,"Mozilla/5.0 (iPhone; CPU iPhone OS 18_1 like Mac OS X) AppleWebKit/605.1.15 (KHTML, like Gecko) Version/18.1 Mobile/15E148 Safari/604.1"
1734311,192.69.182.54,,2024-11-10 13:48:11,GET /courses/MA16200/exams/SPRING-2022-0 HTTP/2.0,304,0,https://www.boilerexams.com/,"Mozilla/5.0 (iPhone; CPU iPhone OS 18_1 like Mac OS X) AppleWebKit/605.1.15 (KHTML, like Gecko) Version/18.1 Mobile/15E148 Safari/604.1"
1734566,192.69.182.54,,2024-11-10 13:52:05,GET /courses/MA16100/exams/SPRING-2017-3/f41604db-1fb7-4e3d-a836-2e0fd0f280bc HTTP/2.0,200,864,,"Mozilla/5.0 (iPhone; CPU iPhone OS 18_1 like Mac OS X) AppleWebKit/605.1.15 (KHTML, like Gecko) Version/18.1 Mobile/15E148 Safari/604.1"
1734570,192.69.182.54,,2024-11-10 13:52:06,GET /courses/MA16100/exams/SPRING-2017-3 HTTP/2.0,200,2473,https://www.boilerexams.com/,"Mozilla/5.0 (iPhone; CPU iPhone OS 18_1 like Mac OS X) AppleWebKit/605.1.15 (KHTML, like Gecko) Version/18.1 Mobile/15E148 Safari/604.1"
1734663,192.69.182.54,,2024-11-10 13:53:03,GET /courses/MA16100/exams/SPRING-2017-3 HTTP/2.0,304,0,https://www.boilerexams.com/,"Mozilla/5.0 (iPhone; CPU iPhone OS 18_1 like Mac OS X) AppleWebKit/605.1.15 (KHTML, like Gecko) Version/18.1 Mobile/15E148 Safari/604.1"
1734739,192.69.182.54,,2024-11-10 13:53:45,GET /courses/MA16100/exams/SPRING-2017-3 HTTP/2.0,304,0,https://www.boilerexams.com/,"Mozilla/5.0 (iPhone; CPU iPhone OS 18_1 like Mac OS X) AppleWebKit/605.1.15 (KHTML, like Gecko) Version/18.1 Mobile/15E148 Safari/604.1"
1734764,192.69.182.54,,2024-11-10 13:53:55,GET /courses/MA16100/exams/SPRING-2017-3 HTTP/2.0,304,0,https://www.boilerexams.com/,"Mozilla/5.0 (iPhone; CPU iPhone OS 18_1 like Mac OS X) AppleWebKit/605.1.15 (KHTML, like Gecko) Version/18.1 Mobile/15E148 Safari/604.1"
1768972,192.69.182.54,,2024-11-10 16:15:10,GET /courses/MA16200/exams/SPRING-2022-FINAL/52853e2e-a47c-4847-b0e4-c0114860a5e7 HTTP/2.0,200,864,,"Mozilla/5.0 (Macintosh; Intel Mac OS X 10_15_7) AppleWebKit/605.1.15 (KHTML, like Gecko) Version/18.1 Safari/605.1.15"
1768975,192.69.182.54,,2024-11-10 16:15:11,GET /courses/MA16200/exams/SPRING-2022-0 HTTP/2.0,200,4325,https://www.boilerexams.com/,"Mozilla/5.0 (Macintosh; Intel Mac OS X 10_15_7) AppleWebKit/605.1.15 (KHTML, like Gecko) Version/18.1 Safari/605.1.15"
1769021,192.69.182.54,,2024-11-10 16:15:16,GET /courses/MA16200/exams/SPRING-2022-0 HTTP/2.0,304,0,https://www.boilerexams.com/,"Mozilla/5.0 (Macintosh; Intel Mac OS X 10_15_7) AppleWebKit/605.1.15 (KHTML, like Gecko) Version/18.1 Safari/605.1.15"
1769564,192.69.182.54,,2024-11-10 16:16:26,GET /courses/MA26600/exams/SPRING-2017-FINAL/9a28ca44-c264-4e7e-b2b8-dda5e92e269e HTTP/2.0,200,864,,"Mozilla/5.0 (Macintosh; Intel Mac OS X 10_15_7) AppleWebKit/605.1.15 (KHTML, like Gecko) Version/18.1 Safari/605.1.15"
1769567,192.69.182.54,,2024-11-10 16:16:26,GET /courses/MA26600/exams/SPRING-2017-0 HTTP/2.0,200,3698,https://www.boilerexams.com/,"Mozilla/5.0 (Macintosh; Intel Mac OS X 10_15_7) AppleWebKit/605.1.15 (KHTML, like Gecko) Version/18.1 Safari/605.1.15"
1770085,192.69.182.54,,2024-11-10 16:17:25,GET /courses/MA26600/exams/SPRING-2017-0 HTTP/2.0,304,0,https://www.boilerexams.com/,"Mozilla/5.0 (Macintosh; Intel Mac OS X 10_15_7) AppleWebKit/605.1.15 (KHTML, like Gecko) Version/18.1 Safari/605.1.15"
1770642,128.211.252.245,,2024-11-10 16:18:44,GET /courses/MA16100/exams/SPRING-2017-3/f41604db-1fb7-4e3d-a836-2e0fd0f280bc HTTP/2.0,200,1073,,"Mozilla/5.0 (X11; Linux x86_64) AppleWebKit/537.36 (KHTML, like Gecko) Chrome/130.0.0.0 Safari/537.36"
1770658,128.211.252.245,,2024-11-10 16:18:45,GET /courses/MA16100/exams/SPRING-2017-3 HTTP/2.0,200,2489,https://www.boilerexams.com/,"Mozilla/5.0 (X11; Linux x86_64) AppleWebKit/537.36 (KHTML, like Gecko) Chrome/130.0.0.0 Safari/537.36"
1770802,128.211.252.245,,2024-11-10 16:19:07,GET /courses/MA16100/exams/SPRING-2017-3 HTTP/2.0,304,0,https://www.boilerexams.com/,"Mozilla/5.0 (X11; Linux x86_64) AppleWebKit/537.36 (KHTML, like Gecko) Chrome/130.0.0.0 Safari/537.36"
1770992,192.69.182.54,,2024-11-10 16:19:27,GET /courses/MA26600/exams/SPRING-2017-0 HTTP/2.0,304,0,https://www.boilerexams.com/,"Mozilla/5.0 (Macintosh; Intel Mac OS X 10_15_7) AppleWebKit/605.1.15 (KHTML, like Gecko) Version/18.1 Safari/605.1.15"
1771002,192.69.182.54,,2024-11-10 16:19:29,GET /courses/MA26600/exams/SPRING-2017-0 HTTP/2.0,304,0,https://www.boilerexams.com/,"Mozilla/5.0 (Macintosh; Intel Mac OS X 10_15_7) AppleWebKit/605.1.15 (KHTML, like Gecko) Version/18.1 Safari/605.1.15"
1771105,128.211.252.245,,2024-11-10 16:19:39,GET /courses/MA16100/exams/SPRING-2017-3 HTTP/2.0,304,0,https://www.boilerexams.com/,"Mozilla/5.0 (X11; Linux x86_64) AppleWebKit/537.36 (KHTML, like Gecko) Chrome/130.0.0.0 Safari/537.36"
1771123,128.211.252.245,,2024-11-10 16:19:40,GET /courses/MA16100/exams/SPRING-2017-3 HTTP/2.0,304,0,https://www.boilerexams.com/,"Mozilla/5.0 (X11; Linux x86_64) AppleWebKit/537.36 (KHTML, like Gecko) Chrome/130.0.0.0 Safari/537.36"
1771732,192.69.182.54,,2024-11-10 16:20:39,GET /courses/MA26600/exams/SPRING-2017-0 HTTP/2.0,304,0,https://www.boilerexams.com/,"Mozilla/5.0 (Macintosh; Intel Mac OS X 10_15_7) AppleWebKit/605.1.15 (KHTML, like Gecko) Version/18.1 Safari/605.1.15"
1771767,192.69.182.54,,2024-11-10 16:20:41,GET /courses/MA26600/exams/SPRING-2017-0 HTTP/2.0,304,0,https://www.boilerexams.com/,"Mozilla/5.0 (Macintosh; Intel Mac OS X 10_15_7) AppleWebKit/605.1.15 (KHTML, like Gecko) Version/18.1 Safari/605.1.15"
1771784,192.69.182.54,,2024-11-10 16:20:42,GET /courses/MA26600/exams/SPRING-2017-0 HTTP/2.0,304,0,https://www.boilerexams.com/,"Mozilla/5.0 (Macintosh; Intel Mac OS X 10_15_7) AppleWebKit/605.1.15 (KHTML, like Gecko) Version/18.1 Safari/605.1.15"
1772845,192.69.182.54,,2024-11-10 16:23:13,GET /courses/MA26600/exams/SPRING-2017-0 HTTP/2.0,304,0,https://www.boilerexams.com/,"Mozilla/5.0 (Macintosh; Intel Mac OS X 10_15_7) AppleWebKit/605.1.15 (KHTML, like Gecko) Version/18.1 Safari/605.1.15"
1772855,192.69.182.54,,2024-11-10 16:23:13,GET /courses/MA26600/exams/SPRING-2017-0 HTTP/2.0,304,0,https://www.boilerexams.com/,"Mozilla/5.0 (Macintosh; Intel Mac OS X 10_15_7) AppleWebKit/605.1.15 (KHTML, like Gecko) Version/18.1 Safari/605.1.15"
1773055,192.69.182.54,,2024-11-10 16:23:49,GET /courses/MA26600/exams/SPRING-2017-0 HTTP/2.0,304,0,https://www.boilerexams.com/,"Mozilla/5.0 (Macintosh; Intel Mac OS X 10_15_7) AppleWebKit/605.1.15 (KHTML, like Gecko) Version/18.1 Safari/605.1.15"
1775622,72.12.223.157,,2024-11-10 16:30:38,GET /courses/MA16100/exams/SPRING-2017-3/f41604db-1fb7-4e3d-a836-2e0fd0f280bc HTTP/2.0,200,1073,,"Mozilla/5.0 (Windows NT 10.0; Win64; x64) AppleWebKit/537.36 (KHTML, like Gecko) Chrome/130.0.0.0 Safari/537.36"
1775634,72.12.223.157,,2024-11-10 16:30:38,GET /courses/MA16100/exams/SPRING-2017-3 HTTP/2.0,200,2489,https://www.boilerexams.com/,"Mozilla/5.0 (Windows NT 10.0; Win64; x64) AppleWebKit/537.36 (KHTML, like Gecko) Chrome/130.0.0.0 Safari/537.36"
1777457,72.12.223.157,,2024-11-10 16:35:10,GET /courses/MA16100/exams/SPRING-2017-3 HTTP/2.0,304,0,https://www.boilerexams.com/,"Mozilla/5.0 (Windows NT 10.0; Win64; x64) AppleWebKit/537.36 (KHTML, like Gecko) Chrome/130.0.0.0 Safari/537.36"
1777668,192.69.182.54,,2024-11-10 16:35:44,GET /courses/MA16100/exams/SPRING-2017-3/f41604db-1fb7-4e3d-a836-2e0fd0f280bc HTTP/2.0,200,864,,"Mozilla/5.0 (Macintosh; Intel Mac OS X 10_15_7) AppleWebKit/605.1.15 (KHTML, like Gecko) Version/18.1 Safari/605.1.15"
1777679,192.69.182.54,,2024-11-10 16:35:44,GET /courses/MA16100/exams/SPRING-2017-3 HTTP/2.0,200,2489,https://www.boilerexams.com/,"Mozilla/5.0 (Macintosh; Intel Mac OS X 10_15_7) AppleWebKit/605.1.15 (KHTML, like Gecko) Version/18.1 Safari/605.1.15"
1777744,192.69.182.54,,2024-11-10 16:35:51,GET /courses/MA16100/exams/SPRING-2017-3 HTTP/2.0,304,0,https://www.boilerexams.com/,"Mozilla/5.0 (Macintosh; Intel Mac OS X 10_15_7) AppleWebKit/605.1.15 (KHTML, like Gecko) Version/18.1 Safari/605.1.15"
1777810,192.69.182.54,,2024-11-10 16:36:00,GET /courses/MA16100/exams/SPRING-2017-3 HTTP/2.0,304,0,https://www.boilerexams.com/,"Mozilla/5.0 (Macintosh; Intel Mac OS X 10_15_7) AppleWebKit/605.1.15 (KHTML, like Gecko) Version/18.1 Safari/605.1.15"
1778172,192.69.182.54,,2024-11-10 16:36:41,GET /courses/MA16100/exams/SPRING-2017-3 HTTP/2.0,304,0,https://www.boilerexams.com/,"Mozilla/5.0 (Macintosh; Intel Mac OS X 10_15_7) AppleWebKit/605.1.15 (KHTML, like Gecko) Version/18.1 Safari/605.1.15"
1778283,192.69.182.54,,2024-11-10 16:36:57,GET /courses/MA16100/exams/SPRING-2017-3 HTTP/2.0,304,0,https://www.boilerexams.com/,"Mozilla/5.0 (Macintosh; Intel Mac OS X 10_15_7) AppleWebKit/605.1.15 (KHTML, like Gecko) Version/18.1 Safari/605.1.15"
1778300,192.69.182.54,,2024-11-10 16:37:01,GET /courses/MA16100/exams/SPRING-2017-3 HTTP/2.0,304,0,https://www.boilerexams.com/,"Mozilla/5.0 (Macintosh; Intel Mac OS X 10_15_7) AppleWebKit/605.1.15 (KHTML, like Gecko) Version/18.1 Safari/605.1.15"
1784583,206.168.34.207,,2024-11-10 16:50:49,PRI * HTTP/2.0,400,166,,
1784752,162.142.125.210,,2024-11-10 16:51:10,PRI * HTTP/2.0,400,166,,
1784896,167.94.138.53,,2024-11-10 16:51:35,PRI * HTTP/2.0,400,166,,
1796126,192.69.182.54,,2024-11-10 17:11:33,GET /courses/MA16100/exams/SPRING-2017-3 HTTP/2.0,499,0,https://www.boilerexams.com/,"Mozilla/5.0 (Macintosh; Intel Mac OS X 10_15_7) AppleWebKit/605.1.15 (KHTML, like Gecko) Version/18.1 Safari/605.1.15"
1842628,199.45.154.158,,2024-11-10 18:15:33,PRI * HTTP/2.0,400,166,,
1853757,199.45.154.122,,2024-11-10 18:28:10,PRI * HTTP/2.0,400,166,,
1917441,192.69.182.54,,2024-11-10 19:28:02,GET /courses/MA26100/exams/SPRING-2023-2/4ff058a8-dadd-4a48-b8f9-fc68f2074a7f HTTP/2.0,200,864,,"Mozilla/5.0 (Macintosh; Intel Mac OS X 10_15_7) AppleWebKit/605.1.15 (KHTML, like Gecko) Version/18.1 Safari/605.1.15"
1917459,192.69.182.54,,2024-11-10 19:28:03,GET /courses/MA26100/exams/SPRING-2023-2 HTTP/2.0,200,2671,https://www.boilerexams.com/,"Mozilla/5.0 (Macintosh; Intel Mac OS X 10_15_7) AppleWebKit/605.1.15 (KHTML, like Gecko) Version/18.1 Safari/605.1.15"
1917612,192.69.182.54,,2024-11-10 19:28:10,GET /courses/MA26100/exams/SPRING-2023-2 HTTP/2.0,304,0,https://www.boilerexams.com/,"Mozilla/5.0 (Macintosh; Intel Mac OS X 10_15_7) AppleWebKit/605.1.15 (KHTML, like Gecko) Version/18.1 Safari/605.1.15"
1918172,192.69.182.54,,2024-11-10 19:28:39,GET /courses/MA26100/exams/SPRING-2023-2 HTTP/2.0,304,0,https://www.boilerexams.com/,"Mozilla/5.0 (Macintosh; Intel Mac OS X 10_15_7) AppleWebKit/605.1.15 (KHTML, like Gecko) Version/18.1 Safari/605.1.15"
1920077,192.69.182.54,,2024-11-10 19:30:15,GET /courses/MA26100/exams/SPRING-2023-2 HTTP/2.0,304,0,https://www.boilerexams.com/,"Mozilla/5.0 (Macintosh; Intel Mac OS X 10_15_7) AppleWebKit/605.1.15 (KHTML, like Gecko) Version/18.1 Safari/605.1.15"
1925023,192.69.182.54,,2024-11-10 19:34:19,GET /courses/MA26100/exams/SPRING-2023-2 HTTP/2.0,304,0,https://www.boilerexams.com/,"Mozilla/5.0 (Macintosh; Intel Mac OS X 10_15_7) AppleWebKit/605.1.15 (KHTML, like Gecko) Version/18.1 Safari/605.1.15"
1927176,192.69.182.54,,2024-11-10 19:36:20,GET /courses/MA26100/exams/SPRING-2023-2 HTTP/2.0,304,0,https://www.boilerexams.com/,"Mozilla/5.0 (Macintosh; Intel Mac OS X 10_15_7) AppleWebKit/605.1.15 (KHTML, like Gecko) Version/18.1 Safari/605.1.15"
1927475,192.69.182.54,,2024-11-10 19:36:33,GET /courses/MA26100/exams/SPRING-2023-2 HTTP/2.0,304,0,https://www.boilerexams.com/,"Mozilla/5.0 (Macintosh; Intel Mac OS X 10_15_7) AppleWebKit/605.1.15 (KHTML, like Gecko) Version/18.1 Safari/605.1.15"
1949070,192.69.182.54,,2024-11-10 19:53:42,GET /courses/MA26100/exams/SPRING-2023-2 HTTP/2.0,304,0,https://www.boilerexams.com/,"Mozilla/5.0 (Macintosh; Intel Mac OS X 10_15_7) AppleWebKit/605.1.15 (KHTML, like Gecko) Version/18.1 Safari/605.1.15"
1951096,192.69.182.54,,2024-11-10 19:55:05,GET /courses/MA26100/exams/SPRING-2023-2 HTTP/2.0,304,0,https://www.boilerexams.com/,"Mozilla/5.0 (Macintosh; Intel Mac OS X 10_15_7) AppleWebKit/605.1.15 (KHTML, like Gecko) Version/18.1 Safari/605.1.15"
1953076,192.69.182.54,,2024-11-10 19:56:25,GET /courses/MA26100/exams/SPRING-2023-2 HTTP/2.0,304,0,https://www.boilerexams.com/,"Mozilla/5.0 (Macintosh; Intel Mac OS X 10_15_7) AppleWebKit/605.1.15 (KHTML, like Gecko) Version/18.1 Safari/605.1.15"
1958004,192.69.182.54,,2024-11-10 20:00:08,GET /courses/MA26100/exams/SPRING-2023-2 HTTP/2.0,304,0,https://www.boilerexams.com/,"Mozilla/5.0 (Macintosh; Intel Mac OS X 10_15_7) AppleWebKit/605.1.15 (KHTML, like Gecko) Version/18.1 Safari/605.1.15"
1958018,192.69.182.54,,2024-11-10 20:00:10,GET /courses/MA26100/exams/SPRING-2023-2 HTTP/2.0,304,0,https://www.boilerexams.com/,"Mozilla/5.0 (Macintosh; Intel Mac OS X 10_15_7) AppleWebKit/605.1.15 (KHTML, like Gecko) Version/18.1 Safari/605.1.15"
1974235,192.69.182.54,,2024-11-10 20:12:23,GET /courses/MA26100/exams/SPRING-2023-2 HTTP/2.0,200,2668,https://www.boilerexams.com/,"Mozilla/5.0 (Macintosh; Intel Mac OS X 10_15_7) AppleWebKit/605.1.15 (KHTML, like Gecko) Version/18.1 Safari/605.1.15"
1977971,192.69.182.54,,2024-11-10 20:14:46,GET /courses/MA26100/exams/SPRING-2023-2 HTTP/2.0,304,0,https://www.boilerexams.com/,"Mozilla/5.0 (Macintosh; Intel Mac OS X 10_15_7) AppleWebKit/605.1.15 (KHTML, like Gecko) Version/18.1 Safari/605.1.15"
1980003,192.69.182.54,,2024-11-10 20:15:59,GET /courses/MA26100/exams/SPRING-2023-2 HTTP/2.0,304,0,https://www.boilerexams.com/,"Mozilla/5.0 (Macintosh; Intel Mac OS X 10_15_7) AppleWebKit/605.1.15 (KHTML, like Gecko) Version/18.1 Safari/605.1.15"
1997908,192.69.182.54,,2024-11-10 20:28:27,GET /courses/MA26100/exams/SPRING-2023-2 HTTP/2.0,304,0,https://www.boilerexams.com/,"Mozilla/5.0 (Macintosh; Intel Mac OS X 10_15_7) AppleWebKit/605.1.15 (KHTML, like Gecko) Version/18.1 Safari/605.1.15"
1997926,192.69.182.54,,2024-11-10 20:28:27,GET /courses/MA26100/exams/SPRING-2023-2 HTTP/2.0,304,0,https://www.boilerexams.com/,"Mozilla/5.0 (Macintosh; Intel Mac OS X 10_15_7) AppleWebKit/605.1.15 (KHTML, like Gecko) Version/18.1 Safari/605.1.15"
1997973,192.69.182.54,,2024-11-10 20:28:30,GET /courses/MA26100/exams/SPRING-2023-2 HTTP/2.0,304,0,https://www.boilerexams.com/,"Mozilla/5.0 (Macintosh; Intel Mac OS X 10_15_7) AppleWebKit/605.1.15 (KHTML, like Gecko) Version/18.1 Safari/605.1.15"
1998015,192.69.182.54,,2024-11-10 20:28:31,GET /courses/MA26100/exams/SPRING-2023-2 HTTP/2.0,304,0,https://www.boilerexams.com/,"Mozilla/5.0 (Macintosh; Intel Mac OS X 10_15_7) AppleWebKit/605.1.15 (KHTML, like Gecko) Version/18.1 Safari/605.1.15"
1998148,192.69.182.54,,2024-11-10 20:28:36,GET /courses/MA26100/exams/SPRING-2023-2 HTTP/2.0,304,0,https://www.boilerexams.com/,"Mozilla/5.0 (Macintosh; Intel Mac OS X 10_15_7) AppleWebKit/605.1.15 (KHTML, like Gecko) Version/18.1 Safari/605.1.15"
1998210,192.69.182.54,,2024-11-10 20:28:38,GET /courses/MA26100/exams/SPRING-2023-2 HTTP/2.0,304,0,https://www.boilerexams.com/,"Mozilla/5.0 (Macintosh; Intel Mac OS X 10_15_7) AppleWebKit/605.1.15 (KHTML, like Gecko) Version/18.1 Safari/605.1.15"
1998415,192.69.182.54,,2024-11-10 20:28:48,GET /courses/MA26100/exams/SPRING-2023-2 HTTP/2.0,304,0,https://www.boilerexams.com/,"Mozilla/5.0 (Macintosh; Intel Mac OS X 10_15_7) AppleWebKit/605.1.15 (KHTML, like Gecko) Version/18.1 Safari/605.1.15"
2007191,192.69.182.54,,2024-11-10 20:34:34,GET /courses/MA26100/exams/SPRING-2023-2 HTTP/2.0,304,0,https://www.boilerexams.com/,"Mozilla/5.0 (Macintosh; Intel Mac OS X 10_15_7) AppleWebKit/605.1.15 (KHTML, like Gecko) Version/18.1 Safari/605.1.15"
2088821,128.211.252.137,,2024-11-10 21:24:42,GET /courses/MA16100/exams/SPRING-2017-3 HTTP/2.0,200,2492,https://www.boilerexams.com/,"Mozilla/5.0 (X11; Linux x86_64) AppleWebKit/537.36 (KHTML, like Gecko) Chrome/130.0.0.0 Safari/537.36"
2088866,128.211.252.137,,2024-11-10 21:24:43,GET /courses/MA16100/exams/SPRING-2017-3 HTTP/2.0,304,0,https://www.boilerexams.com/,"Mozilla/5.0 (X11; Linux x86_64) AppleWebKit/537.36 (KHTML, like Gecko) Chrome/130.0.0.0 Safari/537.36"
2189251,172.226.87.84,,2024-11-10 22:24:37,GET /courses/MA26100/exams/SPRING-2023-2/4ff058a8-dadd-4a48-b8f9-fc68f2074a7f HTTP/2.0,200,864,,"Mozilla/5.0 (Macintosh; Intel Mac OS X 10_15_7) AppleWebKit/605.1.15 (KHTML, like Gecko) Version/18.2 Safari/605.1.15"
2189267,104.28.58.2,,2024-11-10 22:24:37,GET /courses/MA26100/exams/SPRING-2023-2 HTTP/2.0,200,2675,https://www.boilerexams.com/,"Mozilla/5.0 (Macintosh; Intel Mac OS X 10_15_7) AppleWebKit/605.1.15 (KHTML, like Gecko) Version/18.2 Safari/605.1.15"
2191467,172.226.87.84,,2024-11-10 22:26:01,GET /courses/MA26100/exams/SPRING-2018-2/6f89cd82-1579-4304-8ddd-da84d4785ff8 HTTP/2.0,200,864,,"Mozilla/5.0 (Macintosh; Intel Mac OS X 10_15_7) AppleWebKit/605.1.15 (KHTML, like Gecko) Version/18.2 Safari/605.1.15"
2191474,104.28.58.2,,2024-11-10 22:26:01,GET /courses/MA26100/exams/SPRING-2018-2 HTTP/2.0,200,2231,https://www.boilerexams.com/,"Mozilla/5.0 (Macintosh; Intel Mac OS X 10_15_7) AppleWebKit/605.1.15 (KHTML, like Gecko) Version/18.2 Safari/605.1.15"
2191826,172.226.87.84,,2024-11-10 22:26:15,GET /courses/MA26100/exams/SPRING-2019-2/d72a8664-5307-4f17-a0da-ba6a222f8cf7 HTTP/2.0,200,864,,"Mozilla/5.0 (Macintosh; Intel Mac OS X 10_15_7) AppleWebKit/605.1.15 (KHTML, like Gecko) Version/18.2 Safari/605.1.15"
2191839,104.28.58.2,,2024-11-10 22:26:15,GET /courses/MA26100/exams/SPRING-2019-2 HTTP/2.0,200,2264,https://www.boilerexams.com/,"Mozilla/5.0 (Macintosh; Intel Mac OS X 10_15_7) AppleWebKit/605.1.15 (KHTML, like Gecko) Version/18.2 Safari/605.1.15"
2192016,104.28.58.2,,2024-11-10 22:26:21,GET /courses/MA26100/exams/SPRING-2019-2 HTTP/2.0,304,0,https://www.boilerexams.com/,"Mozilla/5.0 (Macintosh; Intel Mac OS X 10_15_7) AppleWebKit/605.1.15 (KHTML, like Gecko) Version/18.2 Safari/605.1.15"
2192222,104.28.58.2,,2024-11-10 22:26:31,GET /courses/MA26100/exams/SPRING-2023-2 HTTP/2.0,304,0,https://www.boilerexams.com/,"Mozilla/5.0 (Macintosh; Intel Mac OS X 10_15_7) AppleWebKit/605.1.15 (KHTML, like Gecko) Version/18.2 Safari/605.1.15"
2197222,172.226.87.84,,2024-11-10 22:29:48,GET /courses/MA26100/exams/SPRING-2019-2 HTTP/2.0,304,0,https://www.boilerexams.com/,"Mozilla/5.0 (Macintosh; Intel Mac OS X 10_15_7) AppleWebKit/605.1.15 (KHTML, like Gecko) Version/18.2 Safari/605.1.15"
2197624,172.226.87.84,,2024-11-10 22:30:04,GET /courses/MA26100/exams/SPRING-2019-2 HTTP/2.0,304,0,https://www.boilerexams.com/,"Mozilla/5.0 (Macintosh; Intel Mac OS X 10_15_7) AppleWebKit/605.1.15 (KHTML, like Gecko) Version/18.2 Safari/605.1.15"
2198563,172.226.87.84,,2024-11-10 22:30:41,GET /courses/MA26100/exams/SPRING-2019-2 HTTP/2.0,304,0,https://www.boilerexams.com/,"Mozilla/5.0 (Macintosh; Intel Mac OS X 10_15_7) AppleWebKit/605.1.15 (KHTML, like Gecko) Version/18.2 Safari/605.1.15"
2198729,172.226.87.84,,2024-11-10 22:30:46,GET /courses/MA26100/exams/SPRING-2019-2 HTTP/2.0,304,0,https://www.boilerexams.com/,"Mozilla/5.0 (Macintosh; Intel Mac OS X 10_15_7) AppleWebKit/605.1.15 (KHTML, like Gecko) Version/18.2 Safari/605.1.15"
2198959,172.226.87.84,,2024-11-10 22:30:55,GET /courses/MA26100/exams/SPRING-2019-2 HTTP/2.0,304,0,https://www.boilerexams.com/,"Mozilla/5.0 (Macintosh; Intel Mac OS X 10_15_7) AppleWebKit/605.1.15 (KHTML, like Gecko) Version/18.2 Safari/605.1.15"
2199172,172.226.87.84,,2024-11-10 22:31:03,GET /courses/MA26100/exams/SPRING-2019-2 HTTP/2.0,304,0,https://www.boilerexams.com/,"Mozilla/5.0 (Macintosh; Intel Mac OS X 10_15_7) AppleWebKit/605.1.15 (KHTML, like Gecko) Version/18.2 Safari/605.1.15"
2199209,172.226.87.84,,2024-11-10 22:31:03,GET /courses/MA26100/exams/SPRING-2019-2 HTTP/2.0,304,0,https://www.boilerexams.com/,"Mozilla/5.0 (Macintosh; Intel Mac OS X 10_15_7) AppleWebKit/605.1.15 (KHTML, like Gecko) Version/18.2 Safari/605.1.15"
2199356,172.226.87.84,,2024-11-10 22:31:13,GET /courses/MA26100/exams/SPRING-2019-2 HTTP/2.0,304,0,https://www.boilerexams.com/,"Mozilla/5.0 (Macintosh; Intel Mac OS X 10_15_7) AppleWebKit/605.1.15 (KHTML, like Gecko) Version/18.2 Safari/605.1.15"
2200123,172.226.87.84,,2024-11-10 22:31:50,GET /courses/MA26100/exams/SPRING-2019-2 HTTP/2.0,304,0,https://www.boilerexams.com/,"Mozilla/5.0 (Macintosh; Intel Mac OS X 10_15_7) AppleWebKit/605.1.15 (KHTML, like Gecko) Version/18.2 Safari/605.1.15"
2200782,172.226.87.84,,2024-11-10 22:32:18,GET /courses/MA26100/exams/SPRING-2018-2 HTTP/2.0,304,0,https://www.boilerexams.com/,"Mozilla/5.0 (Macintosh; Intel Mac OS X 10_15_7) AppleWebKit/605.1.15 (KHTML, like Gecko) Version/18.2 Safari/605.1.15"
2200853,172.226.87.84,,2024-11-10 22:32:20,GET /courses/MA26100/exams/SPRING-2023-2/4ff058a8-dadd-4a48-b8f9-fc68f2074a7f HTTP/2.0,200,864,,"Mozilla/5.0 (Macintosh; Intel Mac OS X 10_15_7) AppleWebKit/605.1.15 (KHTML, like Gecko) Version/18.2 Safari/605.1.15"
2200854,172.226.87.84,,2024-11-10 22:32:20,GET /courses/MA26100/exams/SPRING-2023-2 HTTP/2.0,499,0,https://www.boilerexams.com/,"Mozilla/5.0 (Macintosh; Intel Mac OS X 10_15_7) AppleWebKit/605.1.15 (KHTML, like Gecko) Version/18.2 Safari/605.1.15"
2200860,172.226.87.84,,2024-11-10 22:32:21,GET /courses/MA26100/exams/SPRING-2023-2 HTTP/2.0,304,0,https://www.boilerexams.com/,"Mozilla/5.0 (Macintosh; Intel Mac OS X 10_15_7) AppleWebKit/605.1.15 (KHTML, like Gecko) Version/18.2 Safari/605.1.15"
2201421,172.226.87.84,,2024-11-10 22:32:45,GET /courses/MA26100/exams/SPRING-2019-2 HTTP/2.0,304,0,https://www.boilerexams.com/,"Mozilla/5.0 (Macintosh; Intel Mac OS X 10_15_7) AppleWebKit/605.1.15 (KHTML, like Gecko) Version/18.2 Safari/605.1.15"
2201538,172.226.87.84,,2024-11-10 22:32:49,GET /courses/MA26100/exams/SPRING-2019-2 HTTP/2.0,304,0,https://www.boilerexams.com/,"Mozilla/5.0 (Macintosh; Intel Mac OS X 10_15_7) AppleWebKit/605.1.15 (KHTML, like Gecko) Version/18.2 Safari/605.1.15"
2201632,172.226.87.84,,2024-11-10 22:32:52,GET /courses/MA26100/exams/SPRING-2019-2 HTTP/2.0,304,0,https://www.boilerexams.com/,"Mozilla/5.0 (Macintosh; Intel Mac OS X 10_15_7) AppleWebKit/605.1.15 (KHTML, like Gecko) Version/18.2 Safari/605.1.15"
2201700,172.226.87.84,,2024-11-10 22:32:56,GET /courses/MA26100/exams/SPRING-2019-2 HTTP/2.0,304,0,https://www.boilerexams.com/,"Mozilla/5.0 (Macintosh; Intel Mac OS X 10_15_7) AppleWebKit/605.1.15 (KHTML, like Gecko) Version/18.2 Safari/605.1.15"
2201734,172.226.87.84,,2024-11-10 22:33:00,GET /courses/MA26100/exams/SPRING-2019-2 HTTP/2.0,304,0,https://www.boilerexams.com/,"Mozilla/5.0 (Macintosh; Intel Mac OS X 10_15_7) AppleWebKit/605.1.15 (KHTML, like Gecko) Version/18.2 Safari/605.1.15"
2201742,172.226.87.84,,2024-11-10 22:33:00,GET /courses/MA26100/exams/SPRING-2018-2 HTTP/2.0,304,0,https://www.boilerexams.com/,"Mozilla/5.0 (Macintosh; Intel Mac OS X 10_15_7) AppleWebKit/605.1.15 (KHTML, like Gecko) Version/18.2 Safari/605.1.15"
2201823,172.226.87.84,,2024-11-10 22:33:04,GET /courses/MA26100/exams/SPRING-2018-2 HTTP/2.0,304,0,https://www.boilerexams.com/,"Mozilla/5.0 (Macintosh; Intel Mac OS X 10_15_7) AppleWebKit/605.1.15 (KHTML, like Gecko) Version/18.2 Safari/605.1.15"
2202012,172.226.87.84,,2024-11-10 22:33:11,GET /courses/MA26100/exams/SPRING-2018-2 HTTP/2.0,304,0,https://www.boilerexams.com/,"Mozilla/5.0 (Macintosh; Intel Mac OS X 10_15_7) AppleWebKit/605.1.15 (KHTML, like Gecko) Version/18.2 Safari/605.1.15"
2202141,172.226.87.84,,2024-11-10 22:33:16,GET /courses/MA26100/exams/SPRING-2018-2 HTTP/2.0,304,0,https://www.boilerexams.com/,"Mozilla/5.0 (Macintosh; Intel Mac OS X 10_15_7) AppleWebKit/605.1.15 (KHTML, like Gecko) Version/18.2 Safari/605.1.15"
2202268,172.226.87.84,,2024-11-10 22:33:21,GET /courses/MA26100/exams/SPRING-2018-2 HTTP/2.0,304,0,https://www.boilerexams.com/,"Mozilla/5.0 (Macintosh; Intel Mac OS X 10_15_7) AppleWebKit/605.1.15 (KHTML, like Gecko) Version/18.2 Safari/605.1.15"
2202595,172.226.87.84,,2024-11-10 22:33:34,GET /courses/MA26100/exams/SPRING-2018-2 HTTP/2.0,304,0,https://www.boilerexams.com/,"Mozilla/5.0 (Macintosh; Intel Mac OS X 10_15_7) AppleWebKit/605.1.15 (KHTML, like Gecko) Version/18.2 Safari/605.1.15"
2202686,172.226.87.84,,2024-11-10 22:33:38,GET /courses/MA26100/exams/SPRING-2018-2 HTTP/2.0,304,0,https://www.boilerexams.com/,"Mozilla/5.0 (Macintosh; Intel Mac OS X 10_15_7) AppleWebKit/605.1.15 (KHTML, like Gecko) Version/18.2 Safari/605.1.15"
2202758,172.226.87.84,,2024-11-10 22:33:39,GET /courses/MA26100/exams/SPRING-2018-2 HTTP/2.0,304,0,https://www.boilerexams.com/,"Mozilla/5.0 (Macintosh; Intel Mac OS X 10_15_7) AppleWebKit/605.1.15 (KHTML, like Gecko) Version/18.2 Safari/605.1.15"
2202856,172.226.87.84,,2024-11-10 22:33:42,GET /courses/MA26100/exams/SPRING-2018-2 HTTP/2.0,304,0,https://www.boilerexams.com/,"Mozilla/5.0 (Macintosh; Intel Mac OS X 10_15_7) AppleWebKit/605.1.15 (KHTML, like Gecko) Version/18.2 Safari/605.1.15"
2203040,172.226.87.84,,2024-11-10 22:33:48,GET /courses/MA26100/exams/SPRING-2023-2/4ff058a8-dadd-4a48-b8f9-fc68f2074a7f HTTP/2.0,200,864,,"Mozilla/5.0 (Macintosh; Intel Mac OS X 10_15_7) AppleWebKit/605.1.15 (KHTML, like Gecko) Version/18.2 Safari/605.1.15"
2203043,172.226.87.84,,2024-11-10 22:33:48,GET /courses/MA26100/exams/SPRING-2023-2 HTTP/2.0,304,0,https://www.boilerexams.com/,"Mozilla/5.0 (Macintosh; Intel Mac OS X 10_15_7) AppleWebKit/605.1.15 (KHTML, like Gecko) Version/18.2 Safari/605.1.15"
2203051,172.226.87.84,,2024-11-10 22:33:49,GET /courses/MA26100/exams/SPRING-2023-2 HTTP/2.0,304,0,https://www.boilerexams.com/,"Mozilla/5.0 (Macintosh; Intel Mac OS X 10_15_7) AppleWebKit/605.1.15 (KHTML, like Gecko) Version/18.2 Safari/605.1.15"
2203104,172.226.87.84,,2024-11-10 22:33:51,GET /courses/MA26100/exams/SPRING-2019-2 HTTP/2.0,304,0,https://www.boilerexams.com/,"Mozilla/5.0 (Macintosh; Intel Mac OS X 10_15_7) AppleWebKit/605.1.15 (KHTML, like Gecko) Version/18.2 Safari/605.1.15"
2203122,172.226.87.84,,2024-11-10 22:33:52,GET /courses/MA26100/exams/SPRING-2018-2 HTTP/2.0,304,0,https://www.boilerexams.com/,"Mozilla/5.0 (Macintosh; Intel Mac OS X 10_15_7) AppleWebKit/605.1.15 (KHTML, like Gecko) Version/18.2 Safari/605.1.15"
2203197,172.226.87.84,,2024-11-10 22:33:53,GET /courses/MA26100/exams/SPRING-2023-2 HTTP/2.0,304,0,https://www.boilerexams.com/,"Mozilla/5.0 (Macintosh; Intel Mac OS X 10_15_7) AppleWebKit/605.1.15 (KHTML, like Gecko) Version/18.2 Safari/605.1.15"
2203310,172.226.87.84,,2024-11-10 22:33:57,GET /courses/MA26100/exams/SPRING-2023-2 HTTP/2.0,304,0,https://www.boilerexams.com/,"Mozilla/5.0 (Macintosh; Intel Mac OS X 10_15_7) AppleWebKit/605.1.15 (KHTML, like Gecko) Version/18.2 Safari/605.1.15"
2203616,172.226.87.84,,2024-11-10 22:34:09,GET /courses/MA26100/exams/SPRING-2023-2 HTTP/2.0,304,0,https://www.boilerexams.com/,"Mozilla/5.0 (Macintosh; Intel Mac OS X 10_15_7) AppleWebKit/605.1.15 (KHTML, like Gecko) Version/18.2 Safari/605.1.15"
2204692,172.226.87.84,,2024-11-10 22:35:02,GET /courses/MA26100/exams/SPRING-2023-2 HTTP/2.0,304,0,https://www.boilerexams.com/,"Mozilla/5.0 (Macintosh; Intel Mac OS X 10_15_7) AppleWebKit/605.1.15 (KHTML, like Gecko) Version/18.2 Safari/605.1.15"
2204739,172.226.87.84,,2024-11-10 22:35:04,GET /courses/MA26100/exams/SPRING-2023-2/4ff058a8-dadd-4a48-b8f9-fc68f2074a7f HTTP/2.0,200,864,,"Mozilla/5.0 (Macintosh; Intel Mac OS X 10_15_7) AppleWebKit/605.1.15 (KHTML, like Gecko) Version/18.2 Safari/605.1.15"
2204754,172.226.87.84,,2024-11-10 22:35:04,GET /courses/MA26100/exams/SPRING-2023-2 HTTP/2.0,304,0,https://www.boilerexams.com/,"Mozilla/5.0 (Macintosh; Intel Mac OS X 10_15_7) AppleWebKit/605.1.15 (KHTML, like Gecko) Version/18.2 Safari/605.1.15"
2204795,172.226.87.84,,2024-11-10 22:35:06,GET /dashboard/courses/MA26100/exams/SPRING-2023-2/4ff058a8-dadd-4a48-b8f9-fc68f2074a7f HTTP/2.0,200,864,https://www.boilerexams.com/dashboard/courses/MA26100/exams/SPRING-2023-2/4ff058a8-dadd-4a48-b8f9-fc68f2074a7f,"Mozilla/5.0 (Macintosh; Intel Mac OS X 10_15_7) AppleWebKit/605.1.15 (KHTML, like Gecko) Version/18.2 Safari/605.1.15"
2204797,172.226.87.84,,2024-11-10 22:35:07,GET /courses/MA26100/exams/SPRING-2023-2 HTTP/2.0,304,0,https://www.boilerexams.com/,"Mozilla/5.0 (Macintosh; Intel Mac OS X 10_15_7) AppleWebKit/605.1.15 (KHTML, like Gecko) Version/18.2 Safari/605.1.15"
2204963,172.226.87.84,,2024-11-10 22:35:14,GET /courses/MA26100/exams/SPRING-2023-2 HTTP/2.0,304,0,https://www.boilerexams.com/,"Mozilla/5.0 (Macintosh; Intel Mac OS X 10_15_7) AppleWebKit/605.1.15 (KHTML, like Gecko) Version/18.2 Safari/605.1.15"
2205171,172.226.87.84,,2024-11-10 22:35:25,GET /courses/MA26100/exams/SPRING-2023-2 HTTP/2.0,304,0,https://www.boilerexams.com/,"Mozilla/5.0 (Macintosh; Intel Mac OS X 10_15_7) AppleWebKit/605.1.15 (KHTML, like Gecko) Version/18.2 Safari/605.1.15"
2205383,172.226.87.84,,2024-11-10 22:35:36,GET /courses/MA26100/exams/SPRING-2023-2 HTTP/2.0,304,0,https://www.boilerexams.com/,"Mozilla/5.0 (Macintosh; Intel Mac OS X 10_15_7) AppleWebKit/605.1.15 (KHTML, like Gecko) Version/18.2 Safari/605.1.15"
2205475,172.226.87.84,,2024-11-10 22:35:39,GET /courses/MA26100/exams/SPRING-2023-2 HTTP/2.0,304,0,https://www.boilerexams.com/,"Mozilla/5.0 (Macintosh; Intel Mac OS X 10_15_7) AppleWebKit/605.1.15 (KHTML, like Gecko) Version/18.2 Safari/605.1.15"
2205536,172.226.87.84,,2024-11-10 22:35:41,GET /courses/MA26100/exams/SPRING-2023-2 HTTP/2.0,304,0,https://www.boilerexams.com/,"Mozilla/5.0 (Macintosh; Intel Mac OS X 10_15_7) AppleWebKit/605.1.15 (KHTML, like Gecko) Version/18.2 Safari/605.1.15"
2205680,172.226.87.84,,2024-11-10 22:35:47,GET /courses/MA26100/exams/SPRING-2023-2 HTTP/2.0,304,0,https://www.boilerexams.com/,"Mozilla/5.0 (Macintosh; Intel Mac OS X 10_15_7) AppleWebKit/605.1.15 (KHTML, like Gecko) Version/18.2 Safari/605.1.15"
2205800,172.226.87.84,,2024-11-10 22:35:53,GET /courses/MA26100/exams/SPRING-2023-2 HTTP/2.0,304,0,https://www.boilerexams.com/,"Mozilla/5.0 (Macintosh; Intel Mac OS X 10_15_7) AppleWebKit/605.1.15 (KHTML, like Gecko) Version/18.2 Safari/605.1.15"
2206174,172.226.87.84,,2024-11-10 22:36:02,GET /courses/MA26100/exams/SPRING-2023-2 HTTP/2.0,304,0,https://www.boilerexams.com/,"Mozilla/5.0 (Macintosh; Intel Mac OS X 10_15_7) AppleWebKit/605.1.15 (KHTML, like Gecko) Version/18.2 Safari/605.1.15"
2206212,172.226.87.84,,2024-11-10 22:36:04,GET /courses/MA26100/exams/SPRING-2023-2/4ff058a8-dadd-4a48-b8f9-fc68f2074a7f HTTP/2.0,200,864,,"Mozilla/5.0 (Macintosh; Intel Mac OS X 10_15_7) AppleWebKit/605.1.15 (KHTML, like Gecko) Version/18.2 Safari/605.1.15"
2206230,172.226.87.84,,2024-11-10 22:36:04,GET /courses/MA26100/exams/SPRING-2023-2 HTTP/2.0,304,0,https://www.boilerexams.com/,"Mozilla/5.0 (Macintosh; Intel Mac OS X 10_15_7) AppleWebKit/605.1.15 (KHTML, like Gecko) Version/18.2 Safari/605.1.15"
2206275,172.226.87.84,,2024-11-10 22:36:06,GET /courses/MA26100/exams/SPRING-2023-2 HTTP/2.0,304,0,https://www.boilerexams.com/,"Mozilla/5.0 (Macintosh; Intel Mac OS X 10_15_7) AppleWebKit/605.1.15 (KHTML, like Gecko) Version/18.2 Safari/605.1.15"
2206343,172.226.87.84,,2024-11-10 22:36:08,GET /courses/MA26100/exams/SPRING-2023-2/4ff058a8-dadd-4a48-b8f9-fc68f2074a7f HTTP/2.0,200,864,,"Mozilla/5.0 (Macintosh; Intel Mac OS X 10_15_7) AppleWebKit/605.1.15 (KHTML, like Gecko) Version/18.2 Safari/605.1.15"
2206360,172.226.87.84,,2024-11-10 22:36:08,GET /courses/MA26100/exams/SPRING-2023-2 HTTP/2.0,304,0,https://www.boilerexams.com/,"Mozilla/5.0 (Macintosh; Intel Mac OS X 10_15_7) AppleWebKit/605.1.15 (KHTML, like Gecko) Version/18.2 Safari/605.1.15"
2206418,172.226.87.84,,2024-11-10 22:36:10,GET /courses/MA26100/exams/SPRING-2023-2 HTTP/2.0,304,0,https://www.boilerexams.com/,"Mozilla/5.0 (Macintosh; Intel Mac OS X 10_15_7) AppleWebKit/605.1.15 (KHTML, like Gecko) Version/18.2 Safari/605.1.15"
2207079,172.226.87.84,,2024-11-10 22:36:39,GET /courses/MA26100/exams/SPRING-2023-2 HTTP/2.0,304,0,https://www.boilerexams.com/,"Mozilla/5.0 (Macintosh; Intel Mac OS X 10_15_7) AppleWebKit/605.1.15 (KHTML, like Gecko) Version/18.2 Safari/605.1.15"
2207333,172.226.87.84,,2024-11-10 22:36:50,GET /courses/MA26100/exams/SPRING-2023-2 HTTP/2.0,304,0,https://www.boilerexams.com/,"Mozilla/5.0 (Macintosh; Intel Mac OS X 10_15_7) AppleWebKit/605.1.15 (KHTML, like Gecko) Version/18.2 Safari/605.1.15"
2207661,172.226.87.84,,2024-11-10 22:37:02,GET /courses/MA26100/exams/SPRING-2023-2 HTTP/2.0,304,0,https://www.boilerexams.com/,"Mozilla/5.0 (Macintosh; Intel Mac OS X 10_15_7) AppleWebKit/605.1.15 (KHTML, like Gecko) Version/18.2 Safari/605.1.15"
2208637,172.226.87.84,,2024-11-10 22:37:44,GET /courses/MA26100/exams/SPRING-2023-2 HTTP/2.0,304,0,https://www.boilerexams.com/,"Mozilla/5.0 (Macintosh; Intel Mac OS X 10_15_7) AppleWebKit/605.1.15 (KHTML, like Gecko) Version/18.2 Safari/605.1.15"
2208686,172.226.87.84,,2024-11-10 22:37:47,GET /courses/MA26100/exams/SPRING-2023-2 HTTP/2.0,304,0,https://www.boilerexams.com/,"Mozilla/5.0 (Macintosh; Intel Mac OS X 10_15_7) AppleWebKit/605.1.15 (KHTML, like Gecko) Version/18.2 Safari/605.1.15"
2209027,172.226.87.84,,2024-11-10 22:37:58,GET /courses/MA26100/exams/SPRING-2023-2 HTTP/2.0,304,0,https://www.boilerexams.com/,"Mozilla/5.0 (Macintosh; Intel Mac OS X 10_15_7) AppleWebKit/605.1.15 (KHTML, like Gecko) Version/18.2 Safari/605.1.15"
2209810,172.226.87.84,,2024-11-10 22:38:15,GET /courses/MA26100/exams/SPRING-2023-2 HTTP/2.0,304,0,https://www.boilerexams.com/,"Mozilla/5.0 (Macintosh; Intel Mac OS X 10_15_7) AppleWebKit/605.1.15 (KHTML, like Gecko) Version/18.2 Safari/605.1.15"
2211680,172.226.87.84,,2024-11-10 22:39:31,GET /courses/MA26100/exams/SPRING-2023-2 HTTP/2.0,304,0,https://www.boilerexams.com/,"Mozilla/5.0 (Macintosh; Intel Mac OS X 10_15_7) AppleWebKit/605.1.15 (KHTML, like Gecko) Version/18.2 Safari/605.1.15"
2411891,167.94.146.60,,2024-11-11 01:12:40,PRI * HTTP/2.0,400,166,,
2440562,192.69.182.54,,2024-11-11 01:33:09,GET /courses/MA26100/exams/SPRING-2023-2 HTTP/2.0,200,2663,https://www.boilerexams.com/,"Mozilla/5.0 (Macintosh; Intel Mac OS X 10_15_7) AppleWebKit/605.1.15 (KHTML, like Gecko) Version/18.1 Safari/605.1.15"
2449153,192.69.182.54,,2024-11-11 01:39:00,GET /courses/MA26100/exams/SPRING-2023-2 HTTP/2.0,304,0,https://www.boilerexams.com/,"Mozilla/5.0 (Macintosh; Intel Mac OS X 10_15_7) AppleWebKit/605.1.15 (KHTML, like Gecko) Version/18.1 Safari/605.1.15"
2489625,192.69.182.54,,2024-11-11 02:08:10,GET /courses/MA26100/exams/SPRING-2023-2 HTTP/2.0,200,2682,https://www.boilerexams.com/,"Mozilla/5.0 (Macintosh; Intel Mac OS X 10_15_7) AppleWebKit/605.1.15 (KHTML, like Gecko) Version/18.1 Safari/605.1.15"
2491025,192.69.182.54,,2024-11-11 02:08:52,GET /courses/MA26100/exams/SPRING-2023-2 HTTP/2.0,304,0,https://www.boilerexams.com/,"Mozilla/5.0 (Macintosh; Intel Mac OS X 10_15_7) AppleWebKit/605.1.15 (KHTML, like Gecko) Version/18.1 Safari/605.1.15"
2491164,192.69.182.54,,2024-11-11 02:08:56,GET /courses/MA26100/exams/SPRING-2023-2 HTTP/2.0,304,0,https://www.boilerexams.com/,"Mozilla/5.0 (Macintosh; Intel Mac OS X 10_15_7) AppleWebKit/605.1.15 (KHTML, like Gecko) Version/18.1 Safari/605.1.15"
2491261,192.69.182.54,,2024-11-11 02:08:59,GET /courses/MA26100/exams/SPRING-2023-2 HTTP/2.0,304,0,https://www.boilerexams.com/,"Mozilla/5.0 (Macintosh; Intel Mac OS X 10_15_7) AppleWebKit/605.1.15 (KHTML, like Gecko) Version/18.1 Safari/605.1.15"
2499146,192.69.182.54,,2024-11-11 02:14:58,GET /courses/MA26100/exams/SPRING-2023-2 HTTP/2.0,304,0,https://www.boilerexams.com/,"Mozilla/5.0 (Macintosh; Intel Mac OS X 10_15_7) AppleWebKit/605.1.15 (KHTML, like Gecko) Version/18.1 Safari/605.1.15"
2829438,192.69.182.54,,2024-11-11 13:12:12,GET /courses/MA16010/exams/SPRING-2023-3/e3f65311-3816-416e-9c95-c5ef9e52482e HTTP/2.0,200,864,,"Mozilla/5.0 (iPhone; CPU iPhone OS 18_1 like Mac OS X) AppleWebKit/605.1.15 (KHTML, like Gecko) Version/18.1 Mobile/15E148 Safari/604.1"
2829443,192.69.182.54,,2024-11-11 13:12:12,GET /courses/MA16010/exams/SPRING-2023-3 HTTP/2.0,200,2034,https://www.boilerexams.com/,"Mozilla/5.0 (iPhone; CPU iPhone OS 18_1 like Mac OS X) AppleWebKit/605.1.15 (KHTML, like Gecko) Version/18.1 Mobile/15E148 Safari/604.1"
2832136,167.94.145.100,,2024-11-11 13:26:33,PRI * HTTP/2.0,400,166,,
2833946,192.69.182.54,,2024-11-11 13:35:57,GET /courses/MA16010/exams/SPRING-2023-3 HTTP/2.0,304,0,https://www.boilerexams.com/,"Mozilla/5.0 (iPhone; CPU iPhone OS 18_1 like Mac OS X) AppleWebKit/605.1.15 (KHTML, like Gecko) Version/18.1 Mobile/15E148 Safari/604.1"
2833959,192.69.182.54,,2024-11-11 13:36:02,GET /courses/MA16010/exams/SPRING-2023-3/e3f65311-3816-416e-9c95-c5ef9e52482e HTTP/2.0,200,864,,"Mozilla/5.0 (iPhone; CPU iPhone OS 18_1 like Mac OS X) AppleWebKit/605.1.15 (KHTML, like Gecko) Version/18.1 Mobile/15E148 Safari/604.1"
2833990,192.69.182.54,,2024-11-11 13:36:04,GET /courses/MA16010/exams/SPRING-2023-3 HTTP/2.0,200,2034,https://www.boilerexams.com/,"Mozilla/5.0 (iPhone; CPU iPhone OS 18_1 like Mac OS X) AppleWebKit/605.1.15 (KHTML, like Gecko) Version/18.1 Mobile/15E148 Safari/604.1"
2834250,192.69.182.54,,2024-11-11 13:37:26,GET /courses/MA16010/exams/SPRING-2023-3 HTTP/2.0,304,0,https://www.boilerexams.com/,"Mozilla/5.0 (iPhone; CPU iPhone OS 18_1 like Mac OS X) AppleWebKit/605.1.15 (KHTML, like Gecko) Version/18.1 Mobile/15E148 Safari/604.1"
2846169,173.230.58.23,,2024-11-11 14:20:33,GET /courses/MA16010/exams/SPRING-2023-3/e3f65311-3816-416e-9c95-c5ef9e52482e HTTP/2.0,200,864,,"Mozilla/5.0 (iPhone; CPU iPhone OS 17_5_1 like Mac OS X) AppleWebKit/605.1.15 (KHTML, like Gecko) Version/17.5 Mobile/15E148 Safari/604.1"
2846190,173.230.58.23,,2024-11-11 14:20:33,GET /courses/MA16010/exams/SPRING-2023-3 HTTP/2.0,200,2037,https://www.boilerexams.com/,"Mozilla/5.0 (iPhone; CPU iPhone OS 17_5_1 like Mac OS X) AppleWebKit/605.1.15 (KHTML, like Gecko) Version/17.5 Mobile/15E148 Safari/604.1"
2846389,173.230.58.23,,2024-11-11 14:21:18,GET /courses/MA16010/exams/SPRING-2023-3 HTTP/2.0,304,0,https://www.boilerexams.com/,"Mozilla/5.0 (iPhone; CPU iPhone OS 17_5_1 like Mac OS X) AppleWebKit/605.1.15 (KHTML, like Gecko) Version/17.5 Mobile/15E148 Safari/604.1"
2860033,162.142.125.212,,2024-11-11 14:47:29,PRI * HTTP/2.0,400,166,,
2991460,192.69.182.54,,2024-11-11 16:56:27,GET /courses/MA16010/exams/SPRING-2023-3/e3f65311-3816-416e-9c95-c5ef9e52482e HTTP/2.0,200,864,,"Mozilla/5.0 (Macintosh; Intel Mac OS X 10_15_7) AppleWebKit/605.1.15 (KHTML, like Gecko) Version/18.1 Safari/605.1.15"
2991567,192.69.182.54,,2024-11-11 16:56:32,GET /courses/MA16010/exams/SPRING-2023-3 HTTP/2.0,200,2071,https://www.boilerexams.com/,"Mozilla/5.0 (Macintosh; Intel Mac OS X 10_15_7) AppleWebKit/605.1.15 (KHTML, like Gecko) Version/18.1 Safari/605.1.15"
2991722,192.69.182.54,,2024-11-11 16:56:40,GET /courses/MA16010/exams/SPRING-2023-3 HTTP/2.0,304,0,https://www.boilerexams.com/,"Mozilla/5.0 (Macintosh; Intel Mac OS X 10_15_7) AppleWebKit/605.1.15 (KHTML, like Gecko) Version/18.1 Safari/605.1.15"
2992311,192.69.182.54,,2024-11-11 16:57:07,GET /courses/MA16010/exams/SPRING-2023-3 HTTP/2.0,304,0,https://www.boilerexams.com/,"Mozilla/5.0 (Macintosh; Intel Mac OS X 10_15_7) AppleWebKit/605.1.15 (KHTML, like Gecko) Version/18.1 Safari/605.1.15"
2992450,192.69.182.54,,2024-11-11 16:57:16,GET /courses/MA16010/exams/SPRING-2023-3 HTTP/2.0,304,0,https://www.boilerexams.com/,"Mozilla/5.0 (Macintosh; Intel Mac OS X 10_15_7) AppleWebKit/605.1.15 (KHTML, like Gecko) Version/18.1 Safari/605.1.15"
2993219,192.69.182.54,,2024-11-11 16:57:54,GET /dashboard/courses/MA16010/exams/SPRING-2023-3/e3f65311-3816-416e-9c95-c5ef9e52482e HTTP/2.0,200,864,https://www.boilerexams.com/dashboard/courses/MA16010/exams/SPRING-2023-3/e3f65311-3816-416e-9c95-c5ef9e52482e,"Mozilla/5.0 (Macintosh; Intel Mac OS X 10_15_7) AppleWebKit/605.1.15 (KHTML, like Gecko) Version/18.1 Safari/605.1.15"
2993220,192.69.182.54,,2024-11-11 16:57:54,GET /courses/MA16010/exams/SPRING-2023-3 HTTP/2.0,304,0,https://www.boilerexams.com/,"Mozilla/5.0 (Macintosh; Intel Mac OS X 10_15_7) AppleWebKit/605.1.15 (KHTML, like Gecko) Version/18.1 Safari/605.1.15"
2993783,192.69.182.54,,2024-11-11 16:58:25,GET /courses/MA16010/exams/SPRING-2023-3 HTTP/2.0,304,0,https://www.boilerexams.com/,"Mozilla/5.0 (Macintosh; Intel Mac OS X 10_15_7) AppleWebKit/605.1.15 (KHTML, like Gecko) Version/18.1 Safari/605.1.15"
2993882,192.69.182.54,,2024-11-11 16:58:31,GET /courses/MA16010/exams/SPRING-2023-3 HTTP/2.0,304,0,https://www.boilerexams.com/,"Mozilla/5.0 (Macintosh; Intel Mac OS X 10_15_7) AppleWebKit/605.1.15 (KHTML, like Gecko) Version/18.1 Safari/605.1.15"
2993936,192.69.182.54,,2024-11-11 16:58:33,GET /courses/MA16010/exams/SPRING-2023-3/e3f65311-3816-416e-9c95-c5ef9e52482e HTTP/2.0,200,864,,"Mozilla/5.0 (Macintosh; Intel Mac OS X 10_15_7) AppleWebKit/605.1.15 (KHTML, like Gecko) Version/18.1 Safari/605.1.15"
2993961,192.69.182.54,,2024-11-11 16:58:34,GET /courses/MA16010/exams/SPRING-2023-3 HTTP/2.0,304,0,https://www.boilerexams.com/,"Mozilla/5.0 (Macintosh; Intel Mac OS X 10_15_7) AppleWebKit/605.1.15 (KHTML, like Gecko) Version/18.1 Safari/605.1.15"
2993994,192.69.182.54,,2024-11-11 16:58:36,GET /courses/MA16010/exams/SPRING-2023-3 HTTP/2.0,304,0,https://www.boilerexams.com/,"Mozilla/5.0 (Macintosh; Intel Mac OS X 10_15_7) AppleWebKit/605.1.15 (KHTML, like Gecko) Version/18.1 Safari/605.1.15"
2994017,192.69.182.54,,2024-11-11 16:58:38,GET /dashboard/courses/MA16010/exams/SPRING-2023-3/e3f65311-3816-416e-9c95-c5ef9e52482e HTTP/2.0,200,864,,"Mozilla/5.0 (Macintosh; Intel Mac OS X 10_15_7) AppleWebKit/605.1.15 (KHTML, like Gecko) Version/18.1 Safari/605.1.15"
2994037,192.69.182.54,,2024-11-11 16:58:39,GET /courses/MA16010/exams/SPRING-2023-3 HTTP/2.0,304,0,https://www.boilerexams.com/,"Mozilla/5.0 (Macintosh; Intel Mac OS X 10_15_7) AppleWebKit/605.1.15 (KHTML, like Gecko) Version/18.1 Safari/605.1.15"
2994102,192.69.182.54,,2024-11-11 16:58:42,GET /courses/MA16010/exams/SPRING-2023-3 HTTP/2.0,304,0,https://www.boilerexams.com/,"Mozilla/5.0 (Macintosh; Intel Mac OS X 10_15_7) AppleWebKit/605.1.15 (KHTML, like Gecko) Version/18.1 Safari/605.1.15"
2994429,192.69.182.54,,2024-11-11 16:58:58,GET /courses/MA16010/exams/SPRING-2023-3 HTTP/2.0,304,0,https://www.boilerexams.com/,"Mozilla/5.0 (Macintosh; Intel Mac OS X 10_15_7) AppleWebKit/605.1.15 (KHTML, like Gecko) Version/18.1 Safari/605.1.15"
2995830,192.69.182.54,,2024-11-11 17:00:07,GET /courses/MA16010/exams/SPRING-2023-3 HTTP/2.0,304,0,https://www.boilerexams.com/,"Mozilla/5.0 (Macintosh; Intel Mac OS X 10_15_7) AppleWebKit/605.1.15 (KHTML, like Gecko) Version/18.1 Safari/605.1.15"
2996006,192.69.182.54,,2024-11-11 17:00:15,GET /courses/MA16010/exams/SPRING-2023-3 HTTP/2.0,304,0,https://www.boilerexams.com/,"Mozilla/5.0 (Macintosh; Intel Mac OS X 10_15_7) AppleWebKit/605.1.15 (KHTML, like Gecko) Version/18.1 Safari/605.1.15"
2996184,192.69.182.54,,2024-11-11 17:00:22,GET /courses/MA16010/exams/SPRING-2023-3 HTTP/2.0,304,0,https://www.boilerexams.com/,"Mozilla/5.0 (Macintosh; Intel Mac OS X 10_15_7) AppleWebKit/605.1.15 (KHTML, like Gecko) Version/18.1 Safari/605.1.15"
2996377,192.69.182.54,,2024-11-11 17:00:28,GET /courses/MA16010/exams/SPRING-2023-3 HTTP/2.0,304,0,https://www.boilerexams.com/,"Mozilla/5.0 (Macintosh; Intel Mac OS X 10_15_7) AppleWebKit/605.1.15 (KHTML, like Gecko) Version/18.1 Safari/605.1.15"
4668595,192.69.182.54,,2024-11-12 15:10:52,GET /courses/MA26100/exams/SPRING-2017-2/6aeb8647-03f5-4e1e-9452-955e336ed105 HTTP/2.0,200,864,,"Mozilla/5.0 (Macintosh; Intel Mac OS X 10_15_7) AppleWebKit/605.1.15 (KHTML, like Gecko) Version/18.1 Safari/605.1.15"
4668603,192.69.182.54,,2024-11-12 15:10:53,GET /courses/MA26100/exams/SPRING-2017-2 HTTP/2.0,200,1447,https://www.boilerexams.com/,"Mozilla/5.0 (Macintosh; Intel Mac OS X 10_15_7) AppleWebKit/605.1.15 (KHTML, like Gecko) Version/18.1 Safari/605.1.15"
4668739,192.69.182.54,,2024-11-12 15:11:02,GET /courses/MA26100/exams/SPRING-2017-2 HTTP/2.0,304,0,https://www.boilerexams.com/,"Mozilla/5.0 (Macintosh; Intel Mac OS X 10_15_7) AppleWebKit/605.1.15 (KHTML, like Gecko) Version/18.1 Safari/605.1.15"
4669056,192.69.182.54,,2024-11-12 15:11:23,GET /courses/MA26100/exams/SPRING-2017-2 HTTP/2.0,304,0,https://www.boilerexams.com/,"Mozilla/5.0 (Macintosh; Intel Mac OS X 10_15_7) AppleWebKit/605.1.15 (KHTML, like Gecko) Version/18.1 Safari/605.1.15"
4669584,192.69.182.54,,2024-11-12 15:11:48,GET /courses/MA26100/exams/SPRING-2017-2 HTTP/2.0,304,0,https://www.boilerexams.com/,"Mozilla/5.0 (Macintosh; Intel Mac OS X 10_15_7) AppleWebKit/605.1.15 (KHTML, like Gecko) Version/18.1 Safari/605.1.15"
4669590,192.69.182.54,,2024-11-12 15:11:48,GET /courses/MA26100/exams/SPRING-2017-2 HTTP/2.0,304,0,https://www.boilerexams.com/,"Mozilla/5.0 (Macintosh; Intel Mac OS X 10_15_7) AppleWebKit/605.1.15 (KHTML, like Gecko) Version/18.1 Safari/605.1.15"
4669593,192.69.182.54,,2024-11-12 15:11:49,GET /courses/MA26100/exams/SPRING-2017-2 HTTP/2.0,304,0,https://www.boilerexams.com/,"Mozilla/5.0 (Macintosh; Intel Mac OS X 10_15_7) AppleWebKit/605.1.15 (KHTML, like Gecko) Version/18.1 Safari/605.1.15"
4669837,192.69.182.54,,2024-11-12 15:12:08,GET /courses/MA26100/exams/SPRING-2017-2 HTTP/2.0,304,0,https://www.boilerexams.com/,"Mozilla/5.0 (Macintosh; Intel Mac OS X 10_15_7) AppleWebKit/605.1.15 (KHTML, like Gecko) Version/18.1 Safari/605.1.15"
4671915,192.69.182.54,,2024-11-12 15:14:26,GET /courses/MA26100/exams/SPRING-2017-2 HTTP/2.0,304,0,https://www.boilerexams.com/,"Mozilla/5.0 (Macintosh; Intel Mac OS X 10_15_7) AppleWebKit/605.1.15 (KHTML, like Gecko) Version/18.1 Safari/605.1.15"
4671920,192.69.182.54,,2024-11-12 15:14:26,GET /courses/MA26100/exams/SPRING-2017-2 HTTP/2.0,304,0,https://www.boilerexams.com/,"Mozilla/5.0 (Macintosh; Intel Mac OS X 10_15_7) AppleWebKit/605.1.15 (KHTML, like Gecko) Version/18.1 Safari/605.1.15"
4674731,192.69.182.54,,2024-11-12 15:15:42,GET /courses/MA26100/exams/SPRING-2017-2 HTTP/2.0,304,0,https://www.boilerexams.com/,"Mozilla/5.0 (Macintosh; Intel Mac OS X 10_15_7) AppleWebKit/605.1.15 (KHTML, like Gecko) Version/18.1 Safari/605.1.15"
5094523,167.94.138.122,,2024-11-12 19:32:15,PRI * HTTP/2.0,400,166,,
5854967,199.45.154.118,,2024-11-13 00:16:40,PRI * HTTP/2.0,400,166,,
5938086,199.45.155.102,,2024-11-13 00:55:54,PRI * HTTP/2.0,400,166,,
6041871,206.168.34.52,,2024-11-13 01:50:46,PRI * HTTP/2.0,400,166,,
6099731,167.94.146.58,,2024-11-13 02:19:00,PRI * HTTP/2.0,400,166,,
6603742,167.94.146.51,,2024-11-13 09:39:14,PRI * HTTP/2.0,400,166,,
6983563,69.174.143.75,,2024-11-13 17:39:41,GET /courses/MA26600/exams/SPRING-2017-FINAL/9a28ca44-c264-4e7e-b2b8-dda5e92e269e HTTP/2.0,200,1073,,"Mozilla/5.0 (Windows NT 10.0; Win64; x64) AppleWebKit/537.36 (KHTML, like Gecko) Chrome/130.0.0.0 Safari/537.36"
6983582,69.174.143.75,,2024-11-13 17:39:41,GET /courses/MA26600/exams/SPRING-2017-0 HTTP/2.0,200,3683,https://www.boilerexams.com/,"Mozilla/5.0 (Windows NT 10.0; Win64; x64) AppleWebKit/537.36 (KHTML, like Gecko) Chrome/130.0.0.0 Safari/537.36"
6996273,192.69.182.54,,2024-11-13 17:45:07,GET /courses/MA26600/exams/SPRING-2017-FINAL/9a28ca44-c264-4e7e-b2b8-dda5e92e269e HTTP/2.0,200,864,,"Mozilla/5.0 (Macintosh; Intel Mac OS X 10_15_7) AppleWebKit/605.1.15 (KHTML, like Gecko) Version/18.1 Safari/605.1.15"
6996307,192.69.182.54,,2024-11-13 17:45:07,GET /courses/MA26600/exams/SPRING-2017-0 HTTP/2.0,200,3683,https://www.boilerexams.com/,"Mozilla/5.0 (Macintosh; Intel Mac OS X 10_15_7) AppleWebKit/605.1.15 (KHTML, like Gecko) Version/18.1 Safari/605.1.15"
6996366,192.69.182.54,,2024-11-13 17:45:09,GET /courses/MA26600/exams/SPRING-2017-0 HTTP/2.0,304,0,https://www.boilerexams.com/,"Mozilla/5.0 (Macintosh; Intel Mac OS X 10_15_7) AppleWebKit/605.1.15 (KHTML, like Gecko) Version/18.1 Safari/605.1.15"
7001035,69.174.143.75,,2024-11-13 17:47:09,GET /courses/MA26600/exams/SPRING-2017-0 HTTP/2.0,304,0,https://www.boilerexams.com/,"Mozilla/5.0 (Windows NT 10.0; Win64; x64) AppleWebKit/537.36 (KHTML, like Gecko) Chrome/130.0.0.0 Safari/537.36"
7041080,69.174.143.75,,2024-11-13 18:03:48,GET /courses/MA26600/exams/SPRING-2017-0 HTTP/2.0,200,3680,https://www.boilerexams.com/,"Mozilla/5.0 (Windows NT 10.0; Win64; x64) AppleWebKit/537.36 (KHTML, like Gecko) Chrome/130.0.0.0 Safari/537.36"
7212413,69.174.143.75,,2024-11-13 19:11:52,GET /courses/MA26600/exams/SPRING-2017-0 HTTP/2.0,200,3696,https://www.boilerexams.com/,"Mozilla/5.0 (Windows NT 10.0; Win64; x64) AppleWebKit/537.36 (KHTML, like Gecko) Chrome/130.0.0.0 Safari/537.36"
7415423,193.42.0.16,,2024-11-13 20:16:28,GET /courses/MA26600/exams/SPRING-2017-FINAL/9a28ca44-c264-4e7e-b2b8-dda5e92e269e HTTP/2.0,200,864,,"Mozilla/5.0 (iPhone; CPU iPhone OS 18_1 like Mac OS X) AppleWebKit/605.1.15 (KHTML, like Gecko) Version/18.1 Mobile/15E148 Safari/604.1"
7415458,193.42.0.16,,2024-11-13 20:16:29,GET /courses/MA26600/exams/SPRING-2017-0 HTTP/2.0,200,3707,https://www.boilerexams.com/,"Mozilla/5.0 (iPhone; CPU iPhone OS 18_1 like Mac OS X) AppleWebKit/605.1.15 (KHTML, like Gecko) Version/18.1 Mobile/15E148 Safari/604.1"
7440826,192.69.182.54,,2024-11-13 20:24:44,GET /courses/MA26600/exams/SPRING-2017-FINAL/9a28ca44-c264-4e7e-b2b8-dda5e92e269e HTTP/2.0,304,0,,"Mozilla/5.0 (Macintosh; Intel Mac OS X 10_15_7) AppleWebKit/605.1.15 (KHTML, like Gecko) Version/18.1 Safari/605.1.15"
7440845,192.69.182.54,,2024-11-13 20:24:45,GET /courses/MA26600/exams/SPRING-2017-0 HTTP/2.0,200,3707,https://www.boilerexams.com/,"Mozilla/5.0 (Macintosh; Intel Mac OS X 10_15_7) AppleWebKit/605.1.15 (KHTML, like Gecko) Version/18.1 Safari/605.1.15"
7441608,192.69.182.54,,2024-11-13 20:24:59,GET /courses/MA26600/exams/SPRING-2017-0 HTTP/2.0,304,0,https://www.boilerexams.com/,"Mozilla/5.0 (Macintosh; Intel Mac OS X 10_15_7) AppleWebKit/605.1.15 (KHTML, like Gecko) Version/18.1 Safari/605.1.15"
7560777,69.174.143.75,,2024-11-13 20:59:29,GET /courses/MA26100/exams/SPRING-2018-2/3ab78947-bf57-453b-8483-81f9c540cc71 HTTP/2.0,200,1073,,"Mozilla/5.0 (Windows NT 10.0; Win64; x64) AppleWebKit/537.36 (KHTML, like Gecko) Chrome/130.0.0.0 Safari/537.36"
7560797,69.174.143.75,,2024-11-13 20:59:30,GET /courses/MA26100/exams/SPRING-2018-2 HTTP/2.0,200,2245,https://www.boilerexams.com/,"Mozilla/5.0 (Windows NT 10.0; Win64; x64) AppleWebKit/537.36 (KHTML, like Gecko) Chrome/130.0.0.0 Safari/537.36"
7568325,69.174.143.75,,2024-11-13 21:01:37,GET /courses/MA26100/exams/SPRING-2018-2 HTTP/2.0,304,0,https://www.boilerexams.com/,"Mozilla/5.0 (Windows NT 10.0; Win64; x64) AppleWebKit/537.36 (KHTML, like Gecko) Chrome/130.0.0.0 Safari/537.36"
7569353,69.174.143.75,,2024-11-13 21:01:56,GET /courses/MA26100/exams/SPRING-2018-2 HTTP/2.0,499,0,https://www.boilerexams.com/,"Mozilla/5.0 (Windows NT 10.0; Win64; x64) AppleWebKit/537.36 (KHTML, like Gecko) Chrome/130.0.0.0 Safari/537.36"
7672296,192.69.182.54,,2024-11-13 21:31:09,GET /courses/MA26100/exams/SPRING-2018-2/3ab78947-bf57-453b-8483-81f9c540cc71 HTTP/2.0,200,864,,"Mozilla/5.0 (Macintosh; Intel Mac OS X 10_15_7) AppleWebKit/605.1.15 (KHTML, like Gecko) Version/18.1 Safari/605.1.15"
7672342,192.69.182.54,,2024-11-13 21:31:10,GET /courses/MA26100/exams/SPRING-2018-2 HTTP/2.0,200,2251,https://www.boilerexams.com/,"Mozilla/5.0 (Macintosh; Intel Mac OS X 10_15_7) AppleWebKit/605.1.15 (KHTML, like Gecko) Version/18.1 Safari/605.1.15"
7673416,192.69.182.54,,2024-11-13 21:31:24,GET /courses/MA26100/exams/SPRING-2018-2 HTTP/2.0,304,0,https://www.boilerexams.com/,"Mozilla/5.0 (Macintosh; Intel Mac OS X 10_15_7) AppleWebKit/605.1.15 (KHTML, like Gecko) Version/18.1 Safari/605.1.15"
7677077,192.69.182.54,,2024-11-13 21:32:20,GET /courses/MA26100/exams/SPRING-2018-2 HTTP/2.0,304,0,https://www.boilerexams.com/,"Mozilla/5.0 (Macintosh; Intel Mac OS X 10_15_7) AppleWebKit/605.1.15 (KHTML, like Gecko) Version/18.1 Safari/605.1.15"
7682952,192.69.182.54,,2024-11-13 21:33:57,GET /courses/MA26100/exams/SPRING-2018-2 HTTP/2.0,304,0,https://www.boilerexams.com/,"Mozilla/5.0 (Macintosh; Intel Mac OS X 10_15_7) AppleWebKit/605.1.15 (KHTML, like Gecko) Version/18.1 Safari/605.1.15"
8030816,195.252.206.149,,2024-11-13 23:08:57,GET /courses/MA26600/exams/SPRING-2017-0 HTTP/2.0,200,3699,https://www.boilerexams.com/,"Mozilla/5.0 (Macintosh; Intel Mac OS X 10_15_7) AppleWebKit/605.1.15 (KHTML, like Gecko) Version/18.1 Safari/605.1.15"
8038023,195.252.206.149,,2024-11-13 23:12:39,GET /courses/MA26600/exams/SPRING-2017-0 HTTP/2.0,304,0,https://www.boilerexams.com/,"Mozilla/5.0 (Macintosh; Intel Mac OS X 10_15_7) AppleWebKit/605.1.15 (KHTML, like Gecko) Version/18.1 Safari/605.1.15"
8038475,195.252.206.149,,2024-11-13 23:12:59,GET /courses/MA26600/exams/SPRING-2017-0 HTTP/2.0,304,0,https://www.boilerexams.com/,"Mozilla/5.0 (Macintosh; Intel Mac OS X 10_15_7) AppleWebKit/605.1.15 (KHTML, like Gecko) Version/18.1 Safari/605.1.15"
8042128,195.252.206.149,,2024-11-13 23:15:32,GET /courses/MA26600/exams/SPRING-2017-0 HTTP/2.0,304,0,https://www.boilerexams.com/,"Mozilla/5.0 (Macintosh; Intel Mac OS X 10_15_7) AppleWebKit/605.1.15 (KHTML, like Gecko) Version/18.1 Safari/605.1.15"
8042156,195.252.206.149,,2024-11-13 23:15:33,GET /courses/MA26600/exams/SPRING-2017-0 HTTP/2.0,304,0,https://www.boilerexams.com/,"Mozilla/5.0 (Macintosh; Intel Mac OS X 10_15_7) AppleWebKit/605.1.15 (KHTML, like Gecko) Version/18.1 Safari/605.1.15"
8053374,195.252.206.149,,2024-11-13 23:24:53,GET /courses/MA26600/exams/SPRING-2017-0 HTTP/2.0,304,0,https://www.boilerexams.com/,"Mozilla/5.0 (Macintosh; Intel Mac OS X 10_15_7) AppleWebKit/605.1.15 (KHTML, like Gecko) Version/18.1 Safari/605.1.15"
8089471,195.252.206.149,,2024-11-14 00:01:14,GET /courses/MA26600/exams/SPRING-2022-2/8986745f-356a-46ac-964f-edf9258b5949 HTTP/2.0,200,864,,"Mozilla/5.0 (Macintosh; Intel Mac OS X 10_15_7) AppleWebKit/605.1.15 (KHTML, like Gecko) Version/18.1 Safari/605.1.15"
8089492,195.252.206.149,,2024-11-14 00:01:14,GET /courses/MA26600/exams/SPRING-2022-2 HTTP/2.0,200,1626,https://www.boilerexams.com/,"Mozilla/5.0 (Macintosh; Intel Mac OS X 10_15_7) AppleWebKit/605.1.15 (KHTML, like Gecko) Version/18.1 Safari/605.1.15"
8089676,195.252.206.149,,2024-11-14 00:01:24,GET /courses/MA26600/exams/SPRING-2022-2 HTTP/2.0,304,0,https://www.boilerexams.com/,"Mozilla/5.0 (Macintosh; Intel Mac OS X 10_15_7) AppleWebKit/605.1.15 (KHTML, like Gecko) Version/18.1 Safari/605.1.15"
8089791,195.252.206.149,,2024-11-14 00:01:28,GET /courses/MA26600/exams/SPRING-2022-2 HTTP/2.0,304,0,https://www.boilerexams.com/,"Mozilla/5.0 (Macintosh; Intel Mac OS X 10_15_7) AppleWebKit/605.1.15 (KHTML, like Gecko) Version/18.1 Safari/605.1.15"
8089916,195.252.206.149,,2024-11-14 00:01:35,GET /dashboard/courses/MA26600/exams/SPRING-2022-2/8986745f-356a-46ac-964f-edf9258b5949 HTTP/2.0,200,864,https://www.boilerexams.com/dashboard/courses/MA26600/exams/SPRING-2022-2/8986745f-356a-46ac-964f-edf9258b5949,"Mozilla/5.0 (Macintosh; Intel Mac OS X 10_15_7) AppleWebKit/605.1.15 (KHTML, like Gecko) Version/18.1 Safari/605.1.15"
8089917,195.252.206.149,,2024-11-14 00:01:35,GET /courses/MA26600/exams/SPRING-2022-2 HTTP/2.0,304,0,https://www.boilerexams.com/,"Mozilla/5.0 (Macintosh; Intel Mac OS X 10_15_7) AppleWebKit/605.1.15 (KHTML, like Gecko) Version/18.1 Safari/605.1.15"
8090956,195.252.206.149,,2024-11-14 00:02:34,GET /courses/MA26600/exams/SPRING-2022-2 HTTP/2.0,200,1642,https://www.boilerexams.com/,"Mozilla/5.0 (Macintosh; Intel Mac OS X 10_15_7) AppleWebKit/605.1.15 (KHTML, like Gecko) Version/18.1 Safari/605.1.15"
8091191,195.252.206.149,,2024-11-14 00:02:45,GET /courses/MA26600/exams/SPRING-2022-2 HTTP/2.0,200,1613,https://www.boilerexams.com/,"Mozilla/5.0 (Macintosh; Intel Mac OS X 10_15_7) AppleWebKit/605.1.15 (KHTML, like Gecko) Version/18.1 Safari/605.1.15"
8091289,195.252.206.149,,2024-11-14 00:02:50,GET /courses/MA26600/exams/SPRING-2022-2 HTTP/2.0,304,0,https://www.boilerexams.com/,"Mozilla/5.0 (Macintosh; Intel Mac OS X 10_15_7) AppleWebKit/605.1.15 (KHTML, like Gecko) Version/18.1 Safari/605.1.15"
8261973,193.42.0.14,,2024-11-14 02:38:48,GET /courses/MA26600/exams/SPRING-2022-2/8986745f-356a-46ac-964f-edf9258b5949 HTTP/2.0,200,864,,"Mozilla/5.0 (iPhone; CPU iPhone OS 18_1 like Mac OS X) AppleWebKit/605.1.15 (KHTML, like Gecko) Version/18.1 Mobile/15E148 Safari/604.1"
8261984,193.42.0.14,,2024-11-14 02:38:48,GET /courses/MA26600/exams/SPRING-2022-2 HTTP/2.0,200,1618,https://www.boilerexams.com/,"Mozilla/5.0 (iPhone; CPU iPhone OS 18_1 like Mac OS X) AppleWebKit/605.1.15 (KHTML, like Gecko) Version/18.1 Mobile/15E148 Safari/604.1"
8449876,162.142.125.213,,2024-11-14 06:14:02,PRI * HTTP/2.0,400,166,,
8471737,167.94.145.108,,2024-11-14 07:31:31,PRI * HTTP/2.0,400,166,,
8598864,69.174.143.75,,2024-11-14 16:17:22,GET /courses/MA26600/exams/SPRING-2022-2/8986745f-356a-46ac-964f-edf9258b5949 HTTP/2.0,200,1073,,"Mozilla/5.0 (Windows NT 10.0; Win64; x64) AppleWebKit/537.36 (KHTML, like Gecko) Chrome/131.0.0.0 Safari/537.36"
8598869,69.174.143.75,,2024-11-14 16:17:22,GET /courses/MA26600/exams/SPRING-2022-2 HTTP/2.0,200,1629,https://www.boilerexams.com/,"Mozilla/5.0 (Windows NT 10.0; Win64; x64) AppleWebKit/537.36 (KHTML, like Gecko) Chrome/131.0.0.0 Safari/537.36"
8599014,69.174.143.75,,2024-11-14 16:17:32,GET /courses/MA26600/exams/SPRING-2022-2 HTTP/2.0,304,0,https://www.boilerexams.com/,"Mozilla/5.0 (Windows NT 10.0; Win64; x64) AppleWebKit/537.36 (KHTML, like Gecko) Chrome/131.0.0.0 Safari/537.36"
8599521,69.174.143.75,,2024-11-14 16:18:06,GET /courses/MA26600/exams/SPRING-2022-2 HTTP/2.0,304,0,https://www.boilerexams.com/,"Mozilla/5.0 (Windows NT 10.0; Win64; x64) AppleWebKit/537.36 (KHTML, like Gecko) Chrome/131.0.0.0 Safari/537.36"
8599575,69.174.143.75,,2024-11-14 16:18:09,GET /courses/MA26600/exams/SPRING-2022-2 HTTP/2.0,304,0,https://www.boilerexams.com/,"Mozilla/5.0 (Windows NT 10.0; Win64; x64) AppleWebKit/537.36 (KHTML, like Gecko) Chrome/131.0.0.0 Safari/537.36"
8600011,69.174.143.75,,2024-11-14 16:18:34,GET /courses/MA26600/exams/SPRING-2022-2 HTTP/2.0,304,0,https://www.boilerexams.com/,"Mozilla/5.0 (Windows NT 10.0; Win64; x64) AppleWebKit/537.36 (KHTML, like Gecko) Chrome/131.0.0.0 Safari/537.36"
8600013,69.174.143.75,,2024-11-14 16:18:34,GET /courses/MA26600/exams/SPRING-2022-2 HTTP/2.0,304,0,https://www.boilerexams.com/,"Mozilla/5.0 (Windows NT 10.0; Win64; x64) AppleWebKit/537.36 (KHTML, like Gecko) Chrome/131.0.0.0 Safari/537.36"
8600034,69.174.143.75,,2024-11-14 16:18:35,GET /courses/MA26600/exams/SPRING-2022-2 HTTP/2.0,304,0,https://www.boilerexams.com/,"Mozilla/5.0 (Windows NT 10.0; Win64; x64) AppleWebKit/537.36 (KHTML, like Gecko) Chrome/131.0.0.0 Safari/537.36"
8600094,69.174.143.75,,2024-11-14 16:18:40,GET /courses/MA26600/exams/SPRING-2022-2 HTTP/2.0,304,0,https://www.boilerexams.com/,"Mozilla/5.0 (Windows NT 10.0; Win64; x64) AppleWebKit/537.36 (KHTML, like Gecko) Chrome/131.0.0.0 Safari/537.36"
8600188,69.174.143.75,,2024-11-14 16:18:47,GET /courses/MA26600/exams/SPRING-2022-2 HTTP/2.0,304,0,https://www.boilerexams.com/,"Mozilla/5.0 (Windows NT 10.0; Win64; x64) AppleWebKit/537.36 (KHTML, like Gecko) Chrome/131.0.0.0 Safari/537.36"
8600197,69.174.143.75,,2024-11-14 16:18:47,GET /courses/MA26600/exams/SPRING-2022-2 HTTP/2.0,304,0,https://www.boilerexams.com/,"Mozilla/5.0 (Windows NT 10.0; Win64; x64) AppleWebKit/537.36 (KHTML, like Gecko) Chrome/131.0.0.0 Safari/537.36"
9548030,167.94.138.113,,2024-11-15 20:54:05,PRI * HTTP/2.0,400,166,,
9557364,167.94.146.49,,2024-11-15 23:12:17,PRI * HTTP/2.0,400,166,,
9559629,199.45.155.96,,2024-11-15 23:55:59,PRI * HTTP/2.0,400,166,,
9590542,206.168.34.121,,2024-11-16 15:49:42,PRI * HTTP/2.0,400,166,,
9607918,199.45.154.130,,2024-11-16 20:25:20,PRI * HTTP/2.0,400,166,,
9638987,104.28.57.254,,2024-11-17 02:33:50,GET /courses/MA26100/exams/SPRING-2023-2/d97847ca-263c-452c-98b8-b70a2e56d711 HTTP/2.0,200,864,,"Mozilla/5.0 (Macintosh; Intel Mac OS X 10_15_7) AppleWebKit/605.1.15 (KHTML, like Gecko) Version/18.2 Safari/605.1.15"
9638997,104.28.57.254,,2024-11-17 02:33:50,GET /courses/MA26100/exams/SPRING-2023-2 HTTP/2.0,200,2702,https://www.boilerexams.com/,"Mozilla/5.0 (Macintosh; Intel Mac OS X 10_15_7) AppleWebKit/605.1.15 (KHTML, like Gecko) Version/18.2 Safari/605.1.15"
9639076,104.28.57.254,,2024-11-17 02:34:38,GET /courses/MA26100/exams/SPRING-2023-2 HTTP/2.0,304,0,https://www.boilerexams.com/,"Mozilla/5.0 (Macintosh; Intel Mac OS X 10_15_7) AppleWebKit/605.1.15 (KHTML, like Gecko) Version/18.2 Safari/605.1.15"
9639105,104.28.57.254,,2024-11-17 02:35:08,GET /courses/MA26100/exams/SPRING-2023-2 HTTP/2.0,304,0,https://www.boilerexams.com/,"Mozilla/5.0 (Macintosh; Intel Mac OS X 10_15_7) AppleWebKit/605.1.15 (KHTML, like Gecko) Version/18.2 Safari/605.1.15"
9639111,104.28.57.254,,2024-11-17 02:35:09,GET /courses/MA26100/exams/SPRING-2023-2 HTTP/2.0,304,0,https://www.boilerexams.com/,"Mozilla/5.0 (Macintosh; Intel Mac OS X 10_15_7) AppleWebKit/605.1.15 (KHTML, like Gecko) Version/18.2 Safari/605.1.15"
9642553,192.69.182.54,,2024-11-17 03:45:19,GET /courses/MA26100/exams/SPRING-2023-2/d97847ca-263c-452c-98b8-b70a2e56d711 HTTP/2.0,200,864,,"Mozilla/5.0 (Macintosh; Intel Mac OS X 10_15_7) AppleWebKit/605.1.15 (KHTML, like Gecko) Version/18.1 Safari/605.1.15"
9642559,192.69.182.54,,2024-11-17 03:45:20,GET /courses/MA26100/exams/SPRING-2023-2 HTTP/2.0,200,2703,https://www.boilerexams.com/,"Mozilla/5.0 (Macintosh; Intel Mac OS X 10_15_7) AppleWebKit/605.1.15 (KHTML, like Gecko) Version/18.1 Safari/605.1.15"
9642591,192.69.182.54,,2024-11-17 03:45:36,GET /courses/MA26100/exams/SPRING-2023-2 HTTP/2.0,304,0,https://www.boilerexams.com/,"Mozilla/5.0 (Macintosh; Intel Mac OS X 10_15_7) AppleWebKit/605.1.15 (KHTML, like Gecko) Version/18.1 Safari/605.1.15"
9647878,167.94.145.99,,2024-11-17 05:28:21,PRI * HTTP/2.0,400,166,,
9652157,199.45.155.94,,2024-11-17 07:43:18,PRI * HTTP/2.0,400,166,,
9652174,167.94.146.55,,2024-11-17 07:44:04,PRI * HTTP/2.0,400,166,,
9664866,173.230.58.22,,2024-11-17 16:42:53,GET /courses/MA26100/exams/SPRING-2023-2/d97847ca-263c-452c-98b8-b70a2e56d711 HTTP/2.0,200,864,,"Mozilla/5.0 (iPhone; CPU iPhone OS 17_5_1 like Mac OS X) AppleWebKit/605.1.15 (KHTML, like Gecko) Version/17.5 Mobile/15E148 Safari/604.1"
9664877,173.230.58.22,,2024-11-17 16:42:54,GET /courses/MA26100/exams/SPRING-2023-2 HTTP/2.0,200,2708,https://www.boilerexams.com/,"Mozilla/5.0 (iPhone; CPU iPhone OS 17_5_1 like Mac OS X) AppleWebKit/605.1.15 (KHTML, like Gecko) Version/17.5 Mobile/15E148 Safari/604.1"
9691104,199.45.154.153,,2024-11-17 21:05:35,PRI * HTTP/2.0,400,166,,
9709640,167.94.146.58,,2024-11-17 23:28:55,PRI * HTTP/2.0,400,166,,
9772180,162.142.125.196,,2024-11-18 12:01:16,PRI * HTTP/2.0,400,166,,
9811172,167.94.146.61,,2024-11-18 18:01:54,PRI * HTTP/2.0,400,166,,
9968377,199.45.154.125,,2024-11-19 09:06:10,PRI * HTTP/2.0,400,166,,
9980990,167.94.146.51,,2024-11-19 13:23:42,PRI * HTTP/2.0,400,166,,
10060545,167.94.145.99,,2024-11-19 18:58:10,PRI * HTTP/2.0,400,166,,
10171854,162.142.125.208,,2024-12-28 01:45:27,PRI * HTTP/2.0,400,166,,
10178918,167.94.138.203,,2024-12-28 05:19:13,PRI * HTTP/2.0,400,166,,
10189891,167.94.145.107,,2024-12-28 13:52:50,PRI * HTTP/2.0,400,166,,
10198793,167.94.145.107,,2024-12-28 18:23:37,PRI * HTTP/2.0,400,166,,
10216420,167.94.146.51,,2024-12-29 04:32:01,PRI * HTTP/2.0,400,166,,
10237520,199.45.154.132,,2024-12-29 18:32:28,PRI * HTTP/2.0,400,166,,
10249214,162.142.125.119,,2024-12-29 23:31:36,PRI * HTTP/2.0,400,166,,
10272954,167.94.138.39,,2024-12-30 12:15:42,PRI * HTTP/2.0,400,166,,
10277800,206.168.34.116,,2024-12-30 15:07:12,PRI * HTTP/2.0,400,166,,
10279297,199.45.154.144,,2024-12-30 15:59:49,PRI * HTTP/2.0,400,166,,
10280109,167.94.138.113,,2024-12-30 16:24:25,PRI * HTTP/2.0,400,166,,
10282315,167.94.145.97,,2024-12-30 17:41:19,PRI * HTTP/2.0,400,166,,
10285504,47.227.207.162,,2024-12-30 19:08:32,GET /courses/AAE20300/exams/SPRING-2022-FINAL/71ea18d7-5bec-473c-9e2e-760a698f05e0 HTTP/2.0,200,1076,,"Mozilla/5.0 (Windows NT 10.0; Win64; x64) AppleWebKit/537.36 (KHTML, like Gecko) Chrome/131.0.0.0 Safari/537.36 Edg/131.0.0.0"
10285518,47.227.207.162,,2024-12-30 19:08:33,GET /courses/AAE20300/exams/SPRING-2022-0 HTTP/2.0,200,1168,https://www.boilerexams.com/,"Mozilla/5.0 (Windows NT 10.0; Win64; x64) AppleWebKit/537.36 (KHTML, like Gecko) Chrome/131.0.0.0 Safari/537.36 Edg/131.0.0.0"
10285573,47.227.207.162,,2024-12-30 19:08:56,GET /courses/AAE20300/exams/SPRING-2022-0 HTTP/2.0,200,1168,https://www.boilerexams.com/,"Mozilla/5.0 (Windows NT 10.0; Win64; x64) AppleWebKit/537.36 (KHTML, like Gecko) Chrome/131.0.0.0 Safari/537.36 Edg/131.0.0.0"
10285611,47.227.207.162,,2024-12-30 19:09:11,GET /courses/AAE20300/exams/SPRING-2022-0 HTTP/2.0,200,1168,https://www.boilerexams.com/,"Mozilla/5.0 (Windows NT 10.0; Win64; x64) AppleWebKit/537.36 (KHTML, like Gecko) Chrome/131.0.0.0 Safari/537.36 Edg/131.0.0.0"
10285713,47.227.207.162,,2024-12-30 19:11:04,GET /courses/AAE20300/exams/SPRING-2022-0 HTTP/2.0,200,1168,https://www.boilerexams.com/,"Mozilla/5.0 (Windows NT 10.0; Win64; x64) AppleWebKit/537.36 (KHTML, like Gecko) Chrome/131.0.0.0 Safari/537.36 Edg/131.0.0.0"
10285718,47.227.207.162,,2024-12-30 19:11:05,GET /courses/AAE20300/exams/SPRING-2022-FINAL/71ea18d7-5bec-473c-9e2e-760a698f05e0 HTTP/2.0,304,0,,"Mozilla/5.0 (Windows NT 10.0; Win64; x64) AppleWebKit/537.36 (KHTML, like Gecko) Chrome/131.0.0.0 Safari/537.36 Edg/131.0.0.0"
10285721,47.227.207.162,,2024-12-30 19:11:06,GET /courses/AAE20300/exams/SPRING-2022-0 HTTP/2.0,200,1168,https://www.boilerexams.com/,"Mozilla/5.0 (Windows NT 10.0; Win64; x64) AppleWebKit/537.36 (KHTML, like Gecko) Chrome/131.0.0.0 Safari/537.36 Edg/131.0.0.0"
10285734,47.227.207.162,,2024-12-30 19:11:12,GET /courses/AAE20300/exams/SPRING-2022-0 HTTP/2.0,200,1168,https://www.boilerexams.com/,"Mozilla/5.0 (Windows NT 10.0; Win64; x64) AppleWebKit/537.36 (KHTML, like Gecko) Chrome/131.0.0.0 Safari/537.36 Edg/131.0.0.0"
10285744,47.227.207.162,,2024-12-30 19:11:15,GET /courses/AAE20300/exams/SPRING-2022-0 HTTP/2.0,200,1168,https://www.boilerexams.com/,"Mozilla/5.0 (Windows NT 10.0; Win64; x64) AppleWebKit/537.36 (KHTML, like Gecko) Chrome/131.0.0.0 Safari/537.36 Edg/131.0.0.0"
10285748,47.227.207.162,,2024-12-30 19:11:17,GET /courses/AAE20300/exams/SPRING-2022-0 HTTP/2.0,200,1168,https://www.boilerexams.com/,"Mozilla/5.0 (Windows NT 10.0; Win64; x64) AppleWebKit/537.36 (KHTML, like Gecko) Chrome/131.0.0.0 Safari/537.36 Edg/131.0.0.0"
10285751,47.227.207.162,,2024-12-30 19:11:18,GET /courses/AAE20300/exams/SPRING-2022-0 HTTP/2.0,200,1168,https://www.boilerexams.com/,"Mozilla/5.0 (Windows NT 10.0; Win64; x64) AppleWebKit/537.36 (KHTML, like Gecko) Chrome/131.0.0.0 Safari/537.36 Edg/131.0.0.0"
10285760,47.227.207.162,,2024-12-30 19:11:36,GET /courses/MA26500/exams/SPRING-2017-FINAL/fd522cc8-85d2-42e8-866a-73635806156f HTTP/2.0,200,1076,,"Mozilla/5.0 (Windows NT 10.0; Win64; x64) AppleWebKit/537.36 (KHTML, like Gecko) Chrome/131.0.0.0 Safari/537.36 Edg/131.0.0.0"
10285764,47.227.207.162,,2024-12-30 19:11:37,GET /courses/MA26500/exams/SPRING-2017-0 HTTP/2.0,200,4685,https://www.boilerexams.com/,"Mozilla/5.0 (Windows NT 10.0; Win64; x64) AppleWebKit/537.36 (KHTML, like Gecko) Chrome/131.0.0.0 Safari/537.36 Edg/131.0.0.0"
10285793,47.227.207.162,,2024-12-30 19:12:13,GET /courses/MA26500/exams/SPRING-2017-0 HTTP/2.0,200,4685,https://www.boilerexams.com/,"Mozilla/5.0 (Windows NT 10.0; Win64; x64) AppleWebKit/537.36 (KHTML, like Gecko) Chrome/131.0.0.0 Safari/537.36 Edg/131.0.0.0"
10285812,47.227.207.162,,2024-12-30 19:12:31,GET /courses/MA26500/exams/SPRING-2017-0 HTTP/2.0,200,4685,https://www.boilerexams.com/,"Mozilla/5.0 (Windows NT 10.0; Win64; x64) AppleWebKit/537.36 (KHTML, like Gecko) Chrome/131.0.0.0 Safari/537.36 Edg/131.0.0.0"
10285816,47.227.207.162,,2024-12-30 19:12:37,GET /courses/MA26500/exams/SPRING-2017-0 HTTP/2.0,200,4685,https://www.boilerexams.com/,"Mozilla/5.0 (Windows NT 10.0; Win64; x64) AppleWebKit/537.36 (KHTML, like Gecko) Chrome/131.0.0.0 Safari/537.36 Edg/131.0.0.0"
10309202,167.94.146.53,,2024-12-31 07:31:43,PRI * HTTP/2.0,400,166,,
10322653,167.94.146.50,,2024-12-31 14:02:34,PRI * HTTP/2.0,400,166,,
10351321,162.142.125.205,,2025-01-01 04:14:53,PRI * HTTP/2.0,400,166,,
10369642,167.94.138.199,,2025-01-01 12:52:44,PRI * HTTP/2.0,400,166,,
10407089,167.94.138.113,,2025-01-01 19:53:06,PRI * HTTP/2.0,400,166,,
10433019,206.168.34.77,,2025-01-02 03:15:45,PRI * HTTP/2.0,400,166,,
10457766,167.94.138.43,,2025-01-02 11:10:58,PRI * HTTP/2.0,400,166,,
10461934,206.168.34.95,,2025-01-02 14:35:27,PRI * HTTP/2.0,400,166,,
10462348,167.94.146.49,,2025-01-02 14:53:44,PRI * HTTP/2.0,400,166,,
10462916,199.45.154.153,,2025-01-02 15:14:52,PRI * HTTP/2.0,400,166,,
10466491,162.142.125.36,,2025-01-02 17:25:13,PRI * HTTP/2.0,400,166,,
10471996,162.142.125.222,,2025-01-02 19:59:26,PRI * HTTP/2.0,400,166,,
10472138,167.94.138.192,,2025-01-02 20:04:25,PRI * HTTP/2.0,400,166,,
10475685,167.94.145.106,,2025-01-02 21:52:58,PRI * HTTP/2.0,400,166,,
10476702,167.94.145.101,,2025-01-02 22:44:10,PRI * HTTP/2.0,400,166,,
10486700,206.168.34.71,,2025-01-03 03:55:09,PRI * HTTP/2.0,400,166,,
10499681,162.142.125.41,,2025-01-03 08:21:23,PRI * HTTP/2.0,400,166,,
10500238,167.94.138.193,,2025-01-03 08:57:47,PRI * HTTP/2.0,400,166,,
10501106,162.142.125.192,,2025-01-03 09:49:16,PRI * HTTP/2.0,400,166,,
10501524,162.142.125.192,,2025-01-03 10:18:54,PRI * HTTP/2.0,400,166,,
10526997,206.168.34.65,,2025-01-03 21:16:22,PRI * HTTP/2.0,400,166,,
10543368,167.94.138.43,,2025-01-04 03:35:11,PRI * HTTP/2.0,400,166,,
10550839,167.94.138.116,,2025-01-04 07:09:34,PRI * HTTP/2.0,400,166,,
10570115,199.45.154.158,,2025-01-04 18:32:03,PRI * HTTP/2.0,400,166,,
10593294,206.168.34.41,,2025-01-05 05:08:22,PRI * HTTP/2.0,400,166,,
10594079,162.142.125.209,,2025-01-05 05:31:12,PRI * HTTP/2.0,400,166,,
10595086,199.45.154.119,,2025-01-05 05:53:31,PRI * HTTP/2.0,400,166,,
10598629,167.94.145.106,,2025-01-05 07:29:21,PRI * HTTP/2.0,400,166,,
10598832,167.94.145.106,,2025-01-05 07:38:52,PRI * HTTP/2.0,400,166,,
10599169,206.168.34.41,,2025-01-05 07:52:17,PRI * HTTP/2.0,400,166,,
10627904,167.94.138.117,,2025-01-05 23:21:44,PRI * HTTP/2.0,400,166,,
10642263,167.94.138.47,,2025-01-06 05:06:49,PRI * HTTP/2.0,400,166,,
10643915,162.142.125.202,,2025-01-06 05:29:31,PRI * HTTP/2.0,400,166,,
10649472,167.94.146.49,,2025-01-06 07:06:06,PRI * HTTP/2.0,400,166,,
10656749,167.94.138.122,,2025-01-06 10:46:57,PRI * HTTP/2.0,400,166,,
10731614,206.168.34.93,,2025-01-07 20:07:29,PRI * HTTP/2.0,400,166,,
10731668,162.142.125.121,,2025-01-07 20:08:07,PRI * HTTP/2.0,400,166,,
10731734,167.94.138.56,,2025-01-07 20:09:07,PRI * HTTP/2.0,400,166,,
10766292,162.142.125.38,,2025-01-08 07:17:44,PRI * HTTP/2.0,400,166,,
10781496,167.94.146.59,,2025-01-08 15:05:35,PRI * HTTP/2.0,400,166,,
10809867,167.94.146.63,,2025-01-09 00:39:59,PRI * HTTP/2.0,400,166,,
10820142,167.94.138.55,,2025-01-09 04:37:06,PRI * HTTP/2.0,400,166,,
10822912,167.94.138.63,,2025-01-09 05:28:18,PRI * HTTP/2.0,400,166,,
10901697,167.94.138.201,,2025-01-10 13:06:18,PRI * HTTP/2.0,400,166,,
10902140,167.94.146.54,,2025-01-10 13:38:43,PRI * HTTP/2.0,400,166,,
10902269,162.142.125.40,,2025-01-10 13:44:53,PRI * HTTP/2.0,400,166,,
10902394,206.168.34.213,,2025-01-10 13:49:28,PRI * HTTP/2.0,400,166,,
10902433,162.142.125.38,,2025-01-10 13:50:36,PRI * HTTP/2.0,400,166,,
10902439,167.94.138.124,,2025-01-10 13:50:54,PRI * HTTP/2.0,400,166,,
10908198,172.93.207.44,,2025-01-10 17:11:49,GET /courses/CS15900/exams/SPRING-2019-FINAL/b618eb1e-ff23-43ae-b6d6-b4f2ef288a0e HTTP/2.0,200,866,,"Mozilla/5.0 (iPhone; CPU iPhone OS 18_2 like Mac OS X) AppleWebKit/605.1.15 (KHTML, like Gecko) Version/18.2 Mobile/15E148 Safari/604.1"
10908209,172.93.207.44,,2025-01-10 17:11:50,GET /courses/CS15900/exams/SPRING-2019-0 HTTP/2.0,200,3553,https://www.boilerexams.com/,"Mozilla/5.0 (iPhone; CPU iPhone OS 18_2 like Mac OS X) AppleWebKit/605.1.15 (KHTML, like Gecko) Version/18.2 Mobile/15E148 Safari/604.1"
10908310,172.93.207.44,,2025-01-10 17:14:06,GET /courses/CS15900/exams/SPRING-2019-FINAL/b728973e-3717-4722-a4b1-80a7762c2c59 HTTP/2.0,200,866,,"Mozilla/5.0 (iPhone; CPU iPhone OS 18_2 like Mac OS X) AppleWebKit/605.1.15 (KHTML, like Gecko) Version/18.2 Mobile/15E148 Safari/604.1"
10908315,172.93.207.44,,2025-01-10 17:14:07,GET /courses/CS15900/exams/SPRING-2019-0 HTTP/2.0,304,0,https://www.boilerexams.com/,"Mozilla/5.0 (iPhone; CPU iPhone OS 18_2 like Mac OS X) AppleWebKit/605.1.15 (KHTML, like Gecko) Version/18.2 Mobile/15E148 Safari/604.1"
10914439,146.75.136.1,,2025-01-10 19:44:09,GET /courses/CS15900/exams/SPRING-2019-FINAL/b618eb1e-ff23-43ae-b6d6-b4f2ef288a0e HTTP/2.0,200,866,,"Mozilla/5.0 (iPhone; CPU iPhone OS 18_2 like Mac OS X) AppleWebKit/605.1.15 (KHTML, like Gecko) Version/18.2 Mobile/15E148 Safari/604.1"
10914450,146.75.136.1,,2025-01-10 19:44:11,GET /courses/CS15900/exams/SPRING-2019-0 HTTP/2.0,200,3564,https://www.boilerexams.com/,"Mozilla/5.0 (iPhone; CPU iPhone OS 18_2 like Mac OS X) AppleWebKit/605.1.15 (KHTML, like Gecko) Version/18.2 Mobile/15E148 Safari/604.1"
10914469,146.75.136.1,,2025-01-10 19:44:51,GET /courses/CS15900/exams/SPRING-2019-FINAL/b728973e-3717-4722-a4b1-80a7762c2c59 HTTP/2.0,200,866,,"Mozilla/5.0 (iPhone; CPU iPhone OS 18_2 like Mac OS X) AppleWebKit/605.1.15 (KHTML, like Gecko) Version/18.2 Mobile/15E148 Safari/604.1"
10914474,146.75.136.1,,2025-01-10 19:44:53,GET /courses/CS15900/exams/SPRING-2019-0 HTTP/2.0,304,0,https://www.boilerexams.com/,"Mozilla/5.0 (iPhone; CPU iPhone OS 18_2 like Mac OS X) AppleWebKit/605.1.15 (KHTML, like Gecko) Version/18.2 Mobile/15E148 Safari/604.1"
10914487,146.75.136.1,,2025-01-10 19:45:01,GET /courses/CS15900/exams/SPRING-2019-0 HTTP/2.0,304,0,https://www.boilerexams.com/,"Mozilla/5.0 (iPhone; CPU iPhone OS 18_2 like Mac OS X) AppleWebKit/605.1.15 (KHTML, like Gecko) Version/18.2 Mobile/15E148 Safari/604.1"
10914496,146.75.136.1,,2025-01-10 19:45:09,GET /courses/CS15900/exams/SPRING-2019-0 HTTP/2.0,304,0,https://www.boilerexams.com/,"Mozilla/5.0 (iPhone; CPU iPhone OS 18_2 like Mac OS X) AppleWebKit/605.1.15 (KHTML, like Gecko) Version/18.2 Mobile/15E148 Safari/604.1"
10926430,162.142.125.210,,2025-01-10 23:13:07,PRI * HTTP/2.0,400,166,,
10931133,172.93.132.12,,2025-01-11 00:26:47,GET /courses/CS15900/exams/SPRING-2019-FINAL/b618eb1e-ff23-43ae-b6d6-b4f2ef288a0e HTTP/2.0,200,1076,,"Mozilla/5.0 (Macintosh; Intel Mac OS X 10_15_7) AppleWebKit/537.36 (KHTML, like Gecko) Chrome/131.0.0.0 Safari/537.36"
10931145,172.93.132.12,,2025-01-11 00:26:48,GET /courses/CS15900/exams/SPRING-2019-0 HTTP/2.0,200,3552,https://www.boilerexams.com/,"Mozilla/5.0 (Macintosh; Intel Mac OS X 10_15_7) AppleWebKit/537.36 (KHTML, like Gecko) Chrome/131.0.0.0 Safari/537.36"
10931163,172.93.132.12,,2025-01-11 00:26:56,GET /courses/CS15900/exams/SPRING-2019-0 HTTP/2.0,304,0,https://www.boilerexams.com/,"Mozilla/5.0 (Macintosh; Intel Mac OS X 10_15_7) AppleWebKit/537.36 (KHTML, like Gecko) Chrome/131.0.0.0 Safari/537.36"
10931181,172.93.132.12,,2025-01-11 00:27:11,GET /courses/CS15900/exams/SPRING-2019-0 HTTP/2.0,304,0,https://www.boilerexams.com/,"Mozilla/5.0 (Macintosh; Intel Mac OS X 10_15_7) AppleWebKit/537.36 (KHTML, like Gecko) Chrome/131.0.0.0 Safari/537.36"
10931195,172.93.132.12,,2025-01-11 00:27:21,GET /courses/CS15900/exams/SPRING-2019-0 HTTP/2.0,304,0,https://www.boilerexams.com/,"Mozilla/5.0 (Macintosh; Intel Mac OS X 10_15_7) AppleWebKit/537.36 (KHTML, like Gecko) Chrome/131.0.0.0 Safari/537.36"
10931283,172.93.132.12,,2025-01-11 00:27:45,GET /courses/CS15900/exams/SPRING-2019-0 HTTP/2.0,304,0,https://www.boilerexams.com/,"Mozilla/5.0 (Macintosh; Intel Mac OS X 10_15_7) AppleWebKit/537.36 (KHTML, like Gecko) Chrome/131.0.0.0 Safari/537.36"
10931311,172.93.132.12,,2025-01-11 00:28:11,GET /courses/CS15900/exams/SPRING-2019-0 HTTP/2.0,304,0,https://www.boilerexams.com/,"Mozilla/5.0 (Macintosh; Intel Mac OS X 10_15_7) AppleWebKit/537.36 (KHTML, like Gecko) Chrome/131.0.0.0 Safari/537.36"
10931346,172.93.132.12,,2025-01-11 00:28:41,GET /courses/CS15900/exams/SPRING-2019-0 HTTP/2.0,304,0,https://www.boilerexams.com/,"Mozilla/5.0 (Macintosh; Intel Mac OS X 10_15_7) AppleWebKit/537.36 (KHTML, like Gecko) Chrome/131.0.0.0 Safari/537.36"
10931362,172.93.132.12,,2025-01-11 00:29:00,GET /courses/CS15900/exams/SPRING-2019-0 HTTP/2.0,304,0,https://www.boilerexams.com/,"Mozilla/5.0 (Macintosh; Intel Mac OS X 10_15_7) AppleWebKit/537.36 (KHTML, like Gecko) Chrome/131.0.0.0 Safari/537.36"
10931384,172.93.132.12,,2025-01-11 00:29:27,GET /courses/CS15900/exams/SPRING-2019-0 HTTP/2.0,304,0,https://www.boilerexams.com/,"Mozilla/5.0 (Macintosh; Intel Mac OS X 10_15_7) AppleWebKit/537.36 (KHTML, like Gecko) Chrome/131.0.0.0 Safari/537.36"
10931393,172.93.132.12,,2025-01-11 00:29:29,GET /courses/CS15900/exams/SPRING-2019-0 HTTP/2.0,304,0,https://www.boilerexams.com/,"Mozilla/5.0 (Macintosh; Intel Mac OS X 10_15_7) AppleWebKit/537.36 (KHTML, like Gecko) Chrome/131.0.0.0 Safari/537.36"
10931412,172.93.132.12,,2025-01-11 00:29:30,GET /courses/CS15900/exams/SPRING-2019-0 HTTP/2.0,304,0,https://www.boilerexams.com/,"Mozilla/5.0 (Macintosh; Intel Mac OS X 10_15_7) AppleWebKit/537.36 (KHTML, like Gecko) Chrome/131.0.0.0 Safari/537.36"
10931488,172.93.132.12,,2025-01-11 00:30:08,GET /courses/CS15900/exams/SPRING-2019-FINAL/b728973e-3717-4722-a4b1-80a7762c2c59 HTTP/2.0,200,1076,,"Mozilla/5.0 (Macintosh; Intel Mac OS X 10_15_7) AppleWebKit/537.36 (KHTML, like Gecko) Chrome/131.0.0.0 Safari/537.36"
10931489,172.93.132.12,,2025-01-11 00:30:08,GET /courses/CS15900/exams/SPRING-2019-0 HTTP/2.0,304,0,https://www.boilerexams.com/,"Mozilla/5.0 (Macintosh; Intel Mac OS X 10_15_7) AppleWebKit/537.36 (KHTML, like Gecko) Chrome/131.0.0.0 Safari/537.36"
10931500,172.93.132.12,,2025-01-11 00:30:14,GET /courses/CS15900/exams/SPRING-2019-0 HTTP/2.0,304,0,https://www.boilerexams.com/,"Mozilla/5.0 (Macintosh; Intel Mac OS X 10_15_7) AppleWebKit/537.36 (KHTML, like Gecko) Chrome/131.0.0.0 Safari/537.36"
10931513,172.93.132.12,,2025-01-11 00:30:20,GET /courses/CS15900/exams/SPRING-2019-0 HTTP/2.0,304,0,https://www.boilerexams.com/,"Mozilla/5.0 (Macintosh; Intel Mac OS X 10_15_7) AppleWebKit/537.36 (KHTML, like Gecko) Chrome/131.0.0.0 Safari/537.36"
10931518,172.93.132.12,,2025-01-11 00:30:21,GET /courses/CS15900/exams/SPRING-2019-0 HTTP/2.0,304,0,https://www.boilerexams.com/,"Mozilla/5.0 (Macintosh; Intel Mac OS X 10_15_7) AppleWebKit/537.36 (KHTML, like Gecko) Chrome/131.0.0.0 Safari/537.36"
10931588,172.93.132.12,,2025-01-11 00:31:33,GET /courses/CS15900/exams/SPRING-2019-0 HTTP/2.0,304,0,https://www.boilerexams.com/,"Mozilla/5.0 (Macintosh; Intel Mac OS X 10_15_7) AppleWebKit/537.36 (KHTML, like Gecko) Chrome/131.0.0.0 Safari/537.36"
10931593,172.93.132.12,,2025-01-11 00:31:34,GET /courses/CS15900/exams/SPRING-2019-0 HTTP/2.0,304,0,https://www.boilerexams.com/,"Mozilla/5.0 (Macintosh; Intel Mac OS X 10_15_7) AppleWebKit/537.36 (KHTML, like Gecko) Chrome/131.0.0.0 Safari/537.36"
10931665,172.93.132.12,,2025-01-11 00:32:33,GET /courses/CS15900/exams/SPRING-2019-0 HTTP/2.0,304,0,https://www.boilerexams.com/,"Mozilla/5.0 (Macintosh; Intel Mac OS X 10_15_7) AppleWebKit/537.36 (KHTML, like Gecko) Chrome/131.0.0.0 Safari/537.36"
10931675,172.93.132.12,,2025-01-11 00:32:34,GET /courses/CS15900/exams/SPRING-2019-0 HTTP/2.0,304,0,https://www.boilerexams.com/,"Mozilla/5.0 (Macintosh; Intel Mac OS X 10_15_7) AppleWebKit/537.36 (KHTML, like Gecko) Chrome/131.0.0.0 Safari/537.36"
