client_ip,user,time,request,http_status,request_body_bytes,referer,user_agent
52.169.249.118,,2024-11-08T00:20:17.000000,GET /403.php HTTP/1.1,301,178,,
52.169.249.118,,2024-11-08T00:20:17.000000,GET /403.php HTTP/1.1,200,2580,,
52.169.249.118,,2024-11-08T00:20:17.000000,GET /content.php HTTP/1.1,301,178,,
52.169.249.118,,2024-11-08T00:20:17.000000,GET /content.php HTTP/1.1,200,2580,,
52.169.249.118,,2024-11-08T00:20:17.000000,GET /wp-content/plugins/not/includes/about.php HTTP/1.1,301,178,,
52.169.249.118,,2024-11-08T00:20:17.000000,GET /wp-content/plugins/not/includes/about.php HTTP/1.1,200,2580,,
52.169.249.118,,2024-11-08T00:20:18.000000,GET /wp-content/plugins/simple/simple.php HTTP/1.1,301,178,,
52.169.249.118,,2024-11-08T00:20:18.000000,GET /wp-content/plugins/simple/simple.php HTTP/1.1,200,2580,,
52.169.249.118,,2024-11-08T00:20:18.000000,GET /wp-content/plugins/wp-theme-editor/include.php HTTP/1.1,301,178,,
52.169.249.118,,2024-11-08T00:20:18.000000,GET /wp-content/plugins/wp-theme-editor/include.php HTTP/1.1,200,2580,,
52.169.249.118,,2024-11-08T00:20:18.000000,GET /wp-content/themes/aahana/json.php HTTP/1.1,301,178,,
52.169.249.118,,2024-11-08T00:20:18.000000,GET /wp-content/themes/aahana/json.php HTTP/1.1,200,2580,,
52.169.249.118,,2024-11-08T00:20:18.000000,GET /admin.php HTTP/1.1,301,178,,
52.169.249.118,,2024-11-08T00:20:18.000000,GET /admin.php HTTP/1.1,200,2580,,
52.169.249.118,,2024-11-08T00:20:18.000000,GET /wp-content/plugins/awesome-coming-soon/come.php HTTP/1.1,301,178,,
52.169.249.118,,2024-11-08T00:20:18.000000,GET /wp-content/plugins/awesome-coming-soon/come.php HTTP/1.1,200,2580,,
52.169.249.118,,2024-11-08T00:20:19.000000,GET /wp-content/plugins/wp-conflg.php HTTP/1.1,301,178,,
52.169.249.118,,2024-11-08T00:20:19.000000,GET /wp-content/plugins/wp-conflg.php HTTP/1.1,200,2580,,
52.169.249.118,,2024-11-08T00:20:19.000000,GET /berlin.php HTTP/1.1,301,178,,
52.169.249.118,,2024-11-08T00:20:19.000000,GET /berlin.php HTTP/1.1,200,2580,,
52.169.249.118,,2024-11-08T00:20:19.000000,GET /wp-includes/Requests/about.php HTTP/1.1,301,178,,
52.169.249.118,,2024-11-08T00:20:19.000000,GET /wp-includes/Requests/about.php HTTP/1.1,200,2580,,
52.169.249.118,,2024-11-08T00:20:19.000000,GET /wp-includes/style-engine/about.php HTTP/1.1,301,178,,
52.169.249.118,,2024-11-08T00:20:19.000000,GET /wp-includes/style-engine/about.php HTTP/1.1,200,2580,,
52.169.249.118,,2024-11-08T00:20:19.000000,GET /wp-includes/rest-api/about.php HTTP/1.1,301,178,,
52.169.249.118,,2024-11-08T00:20:19.000000,GET /wp-includes/rest-api/about.php HTTP/1.1,200,2580,,
52.169.249.118,,2024-11-08T00:20:19.000000,GET /wp-includes/SimplePie/about.php HTTP/1.1,301,178,,
52.169.249.118,,2024-11-08T00:20:20.000000,GET /wp-includes/SimplePie/about.php HTTP/1.1,200,2580,,
52.169.249.118,,2024-11-08T00:20:20.000000,GET /wp-content/banners/about.php HTTP/1.1,301,178,,
52.169.249.118,,2024-11-08T00:20:20.000000,GET /wp-content/banners/about.php HTTP/1.1,200,2580,,
52.169.249.118,,2024-11-08T00:20:20.000000,GET /wp-content/about.php HTTP/1.1,301,178,,
52.169.249.118,,2024-11-08T00:20:20.000000,GET /wp-content/about.php HTTP/1.1,200,2580,,
52.169.249.118,,2024-11-08T00:20:20.000000,GET /.well-known/about.php HTTP/1.1,301,178,,
52.169.249.118,,2024-11-08T00:20:20.000000,GET /.well-known/about.php HTTP/1.1,200,2580,,
52.169.249.118,,2024-11-08T00:20:20.000000,GET /wp-includes/Text/about.php HTTP/1.1,301,178,,
52.169.249.118,,2024-11-08T00:20:20.000000,GET /wp-includes/Text/about.php HTTP/1.1,200,2580,,
52.169.249.118,,2024-11-08T00:20:20.000000,GET /wp-includes/ID3/about.php HTTP/1.1,301,178,,
52.169.249.118,,2024-11-08T00:20:21.000000,GET /wp-includes/ID3/about.php HTTP/1.1,200,2580,,
52.169.249.118,,2024-11-08T00:20:21.000000,GET /img/about.php HTTP/1.1,301,178,,
52.169.249.118,,2024-11-08T00:20:21.000000,GET /img/about.php HTTP/1.1,200,2580,,
52.169.249.118,,2024-11-08T00:20:21.000000,GET /wp-content/languages/about.php HTTP/1.1,301,178,,
52.169.249.118,,2024-11-08T00:20:21.000000,GET /wp-content/languages/about.php HTTP/1.1,200,2580,,
52.169.249.118,,2024-11-08T00:20:21.000000,GET /wp-includes/customize/about.php HTTP/1.1,301,178,,
52.169.249.118,,2024-11-08T00:20:21.000000,GET /wp-includes/customize/about.php HTTP/1.1,200,2580,,
52.169.249.118,,2024-11-08T00:20:21.000000,GET /wp-includes.bak/html-api/about.php HTTP/1.1,301,178,,
52.169.249.118,,2024-11-08T00:20:21.000000,GET /wp-includes.bak/html-api/about.php HTTP/1.1,200,2580,,
52.169.249.118,,2024-11-08T00:20:21.000000,GET /wp-includes/widgets/about.php HTTP/1.1,301,178,,
52.169.249.118,,2024-11-08T00:20:22.000000,GET /wp-includes/widgets/about.php HTTP/1.1,200,2580,,
52.169.249.118,,2024-11-08T00:20:22.000000,GET /wp-includes/IXR/about.php HTTP/1.1,301,178,,
52.169.249.118,,2024-11-08T00:20:22.000000,GET /wp-includes/IXR/about.php HTTP/1.1,200,2580,,
52.169.249.118,,2024-11-08T00:20:22.000000,GET /wp-admin/js/about.php HTTP/1.1,301,178,,
52.169.249.118,,2024-11-08T00:20:22.000000,GET /wp-admin/js/about.php HTTP/1.1,200,2580,,
52.169.249.118,,2024-11-08T00:20:22.000000,GET /.well-known/pki-validation/about.php HTTP/1.1,301,178,,
52.169.249.118,,2024-11-08T00:20:22.000000,GET /.well-known/pki-validation/about.php HTTP/1.1,200,2580,,
52.169.249.118,,2024-11-08T00:20:22.000000,GET /wp-includes/pomo/about.php HTTP/1.1,301,178,,
52.169.249.118,,2024-11-08T00:20:22.000000,GET /wp-includes/pomo/about.php HTTP/1.1,200,2580,,
52.169.249.118,,2024-11-08T00:20:22.000000,GET /wp-includes/block-patterns/about.php HTTP/1.1,301,178,,
52.169.249.118,,2024-11-08T00:20:22.000000,GET /wp-includes/block-patterns/about.php HTTP/1.1,200,2580,,
52.169.249.118,,2024-11-08T00:20:23.000000,GET /wp-content/updraft/about.php HTTP/1.1,301,178,,
52.169.249.118,,2024-11-08T00:20:23.000000,GET /wp-content/updraft/about.php HTTP/1.1,200,2580,,
52.169.249.118,,2024-11-08T00:20:23.000000,GET /wp-content/upgrade-temp-backup/about.php HTTP/1.1,301,178,,
52.169.249.118,,2024-11-08T00:20:23.000000,GET /wp-content/upgrade-temp-backup/about.php HTTP/1.1,200,2580,,
52.169.249.118,,2024-11-08T00:20:23.000000,GET /wp-content/themes/about.php HTTP/1.1,301,178,,
52.169.249.118,,2024-11-08T00:20:23.000000,GET /wp-content/themes/about.php HTTP/1.1,200,2580,,
52.169.249.118,,2024-11-08T00:20:23.000000,GET /wp-admin/includes/about.php HTTP/1.1,301,178,,
52.169.249.118,,2024-11-08T00:20:23.000000,GET /wp-admin/includes/about.php HTTP/1.1,200,2580,,
52.169.249.118,,2024-11-08T00:20:23.000000,GET /images/about.php HTTP/1.1,301,178,,
52.169.249.118,,2024-11-08T00:20:23.000000,GET /images/about.php HTTP/1.1,200,2580,,
52.169.249.118,,2024-11-08T00:20:24.000000,GET /wp-content/blogs.dir/about.php HTTP/1.1,301,178,,
52.169.249.118,,2024-11-08T00:20:24.000000,GET /wp-content/blogs.dir/about.php HTTP/1.1,200,2580,,
52.169.249.118,,2024-11-08T00:20:24.000000,GET /wp-includes/images/about.php HTTP/1.1,301,178,,
52.169.249.118,,2024-11-08T00:20:24.000000,GET /wp-includes/images/about.php HTTP/1.1,200,2580,,
52.169.249.118,,2024-11-08T00:20:24.000000,GET /wp-includes/about.php HTTP/1.1,301,178,,
52.169.249.118,,2024-11-08T00:20:24.000000,GET /wp-includes/about.php HTTP/1.1,200,2580,,
52.169.249.118,,2024-11-08T00:20:24.000000,GET /cgi-bin/about.php HTTP/1.1,301,178,,
52.169.249.118,,2024-11-08T00:20:24.000000,GET /cgi-bin/about.php HTTP/1.1,200,2580,,
52.169.249.118,,2024-11-08T00:20:24.000000,GET /wp-content/gallery/about.php HTTP/1.1,301,178,,
52.169.249.118,,2024-11-08T00:20:24.000000,GET /wp-content/gallery/about.php HTTP/1.1,200,2580,,
52.169.249.118,,2024-11-08T00:20:24.000000,GET /wp-includes/blocks/about.php HTTP/1.1,301,178,,
52.169.249.118,,2024-11-08T00:20:25.000000,GET /wp-includes/blocks/about.php HTTP/1.1,200,2580,,
52.169.249.118,,2024-11-08T00:20:25.000000,GET /wp-admin/css/about.php HTTP/1.1,301,178,,
52.169.249.118,,2024-11-08T00:20:25.000000,GET /wp-admin/css/about.php HTTP/1.1,200,2580,,
52.169.249.118,,2024-11-08T00:20:25.000000,GET /wp-admin/images/about.php HTTP/1.1,301,178,,
52.169.249.118,,2024-11-08T00:20:25.000000,GET /wp-admin/images/about.php HTTP/1.1,200,2580,,
52.169.249.118,,2024-11-08T00:20:25.000000,GET /.well-known/pki-validation/cloud.php HTTP/1.1,301,178,,
52.169.249.118,,2024-11-08T00:20:25.000000,GET /.well-known/pki-validation/cloud.php HTTP/1.1,200,2580,,
52.169.249.118,,2024-11-08T00:20:25.000000,GET /.well-known/acme-challenge/cloud.php HTTP/1.1,301,178,,
52.169.249.118,,2024-11-08T00:20:25.000000,GET /.well-known/acme-challenge/cloud.php HTTP/1.1,404,162,,
52.169.249.118,,2024-11-08T00:20:25.000000,GET /wp-admin/network/cloud.php HTTP/1.1,301,178,,
52.169.249.118,,2024-11-08T00:20:26.000000,GET /wp-admin/network/cloud.php HTTP/1.1,200,2580,,
52.169.249.118,,2024-11-08T00:20:26.000000,GET /cloud.php HTTP/1.1,301,178,,
52.169.249.118,,2024-11-08T00:20:26.000000,GET /cloud.php HTTP/1.1,200,2580,,
52.169.249.118,,2024-11-08T00:20:26.000000,GET /cgi-bin/cloud.php HTTP/1.1,301,178,,
52.169.249.118,,2024-11-08T00:20:26.000000,GET /cgi-bin/cloud.php HTTP/1.1,200,2580,,
52.169.249.118,,2024-11-08T00:20:26.000000,GET /wp-content/updates.php HTTP/1.1,301,178,,
52.169.249.118,,2024-11-08T00:20:26.000000,GET /wp-content/updates.php HTTP/1.1,200,2580,,
52.169.249.118,,2024-11-08T00:20:26.000000,GET /css/cloud.php HTTP/1.1,301,178,,
52.169.249.118,,2024-11-08T00:20:26.000000,GET /css/cloud.php HTTP/1.1,200,2580,,
52.169.249.118,,2024-11-08T00:20:26.000000,GET /wp-admin/user/cloud.php HTTP/1.1,301,178,,
52.169.249.118,,2024-11-08T00:20:26.000000,GET /wp-admin/user/cloud.php HTTP/1.1,200,2580,,
52.169.249.118,,2024-11-08T00:20:27.000000,GET /img/cloud.php HTTP/1.1,301,178,,
52.169.249.118,,2024-11-08T00:20:27.000000,GET /img/cloud.php HTTP/1.1,200,2580,,
52.169.249.118,,2024-11-08T00:20:27.000000,GET /wp-admin/css/colors/coffee/cloud.php HTTP/1.1,301,178,,
52.169.249.118,,2024-11-08T00:20:27.000000,GET /wp-admin/css/colors/coffee/cloud.php HTTP/1.1,200,2580,,
52.169.249.118,,2024-11-08T00:20:27.000000,GET /wp-admin/images/cloud.php HTTP/1.1,301,178,,
52.169.249.118,,2024-11-08T00:20:27.000000,GET /wp-admin/images/cloud.php HTTP/1.1,200,2580,,
52.169.249.118,,2024-11-08T00:20:27.000000,GET /avaa.php HTTP/1.1,301,178,,
52.169.249.118,,2024-11-08T00:20:27.000000,GET /avaa.php HTTP/1.1,200,2580,,
52.169.249.118,,2024-11-08T00:20:27.000000,GET /images/cloud.php HTTP/1.1,301,178,,
52.169.249.118,,2024-11-08T00:20:27.000000,GET /images/cloud.php HTTP/1.1,200,2580,,
52.169.249.118,,2024-11-08T00:20:28.000000,GET /wp-admin/js/widgets/cloud.php HTTP/1.1,301,178,,
52.169.249.118,,2024-11-08T00:20:28.000000,GET /wp-admin/js/widgets/cloud.php HTTP/1.1,200,2580,,
52.169.249.118,,2024-11-08T00:20:28.000000,GET /wp-includes/Requests/Text/admin.php HTTP/1.1,301,178,,
52.169.249.118,,2024-11-08T00:20:28.000000,GET /wp-includes/Requests/Text/admin.php HTTP/1.1,200,2580,,
52.169.249.118,,2024-11-08T00:20:28.000000,GET /wp-admin/css/colors/cloud.php HTTP/1.1,301,178,,
52.169.249.118,,2024-11-08T00:20:28.000000,GET /wp-admin/css/colors/cloud.php HTTP/1.1,200,2580,,
52.169.249.118,,2024-11-08T00:20:28.000000,GET /wp-admin/includes/cloud.php HTTP/1.1,301,178,,
52.169.249.118,,2024-11-08T00:20:28.000000,GET /wp-admin/includes/cloud.php HTTP/1.1,200,2580,,
52.169.249.118,,2024-11-08T00:20:28.000000,GET /wp-admin/css/colors/blue/cloud.php HTTP/1.1,301,178,,
52.169.249.118,,2024-11-08T00:20:28.000000,GET /wp-admin/css/colors/blue/cloud.php HTTP/1.1,200,2580,,
52.169.249.118,,2024-11-08T00:20:28.000000,GET /wp-admin/cloud.php HTTP/1.1,301,178,,
52.169.249.118,,2024-11-08T00:20:29.000000,GET /wp-admin/cloud.php HTTP/1.1,200,2580,,
52.169.249.118,,2024-11-08T00:20:29.000000,GET /updates.php HTTP/1.1,301,178,,
52.169.249.118,,2024-11-08T00:20:29.000000,GET /updates.php HTTP/1.1,200,2580,,
52.169.249.118,,2024-11-08T00:20:29.000000,GET /libraries/legacy/updates.php HTTP/1.1,301,178,,
52.169.249.118,,2024-11-08T00:20:29.000000,GET /libraries/legacy/updates.php HTTP/1.1,200,2580,,
52.169.249.118,,2024-11-08T00:20:29.000000,GET /libraries/phpmailer/updates.php HTTP/1.1,301,178,,
52.169.249.118,,2024-11-08T00:20:29.000000,GET /libraries/phpmailer/updates.php HTTP/1.1,200,2580,,
52.169.249.118,,2024-11-08T00:20:29.000000,GET /libraries/vendor/updates.php HTTP/1.1,301,178,,
52.169.249.118,,2024-11-08T00:20:29.000000,GET /libraries/vendor/updates.php HTTP/1.1,200,2580,,
52.169.249.118,,2024-11-08T00:20:29.000000,GET /alfa-rex.php7 HTTP/1.1,301,178,,
52.169.249.118,,2024-11-08T00:20:30.000000,GET /alfa-rex.php7 HTTP/1.1,200,2580,,
52.169.249.118,,2024-11-08T00:20:30.000000,GET /alfanew.php HTTP/1.1,301,178,,
52.169.249.118,,2024-11-08T00:20:30.000000,GET /alfanew.php HTTP/1.1,200,2580,,
52.169.249.118,,2024-11-08T00:20:30.000000,GET /wp-content/plugins/Cache/Cache.php HTTP/1.1,301,178,,
52.169.249.118,,2024-11-08T00:20:30.000000,GET /wp-content/plugins/Cache/Cache.php HTTP/1.1,200,2580,,
52.169.249.118,,2024-11-08T00:20:30.000000,GET /wp-admin/js/widgets/about.php7 HTTP/1.1,301,178,,
52.169.249.118,,2024-11-08T00:20:30.000000,GET /wp-admin/js/widgets/about.php7 HTTP/1.1,200,2580,,
52.169.249.118,,2024-11-08T00:20:30.000000,GET /wp-p.php7 HTTP/1.1,301,178,,
52.169.249.118,,2024-11-08T00:20:30.000000,GET /wp-p.php7 HTTP/1.1,200,2580,,
52.169.249.118,,2024-11-08T00:20:30.000000,GET /wp-admin/repeater.php HTTP/1.1,301,178,,
52.169.249.118,,2024-11-08T00:20:30.000000,GET /wp-admin/repeater.php HTTP/1.1,200,2580,,
52.169.249.118,,2024-11-08T00:20:31.000000,GET /wp-includes/repeater.php HTTP/1.1,301,178,,
52.169.249.118,,2024-11-08T00:20:31.000000,GET /wp-includes/repeater.php HTTP/1.1,200,2580,,
52.169.249.118,,2024-11-08T00:20:31.000000,GET /wp-content/repeater.php HTTP/1.1,301,178,,
52.169.249.118,,2024-11-08T00:20:31.000000,GET /wp-content/repeater.php HTTP/1.1,200,2580,,
52.169.249.118,,2024-11-08T00:20:31.000000,GET /wsoyanz.php HTTP/1.1,301,178,,
52.169.249.118,,2024-11-08T00:20:31.000000,GET /wsoyanz.php HTTP/1.1,200,2580,,
52.169.249.118,,2024-11-08T00:20:31.000000,GET /yanz.php HTTP/1.1,301,178,,
52.169.249.118,,2024-11-08T00:20:31.000000,GET /yanz.php HTTP/1.1,200,2580,,
52.169.249.118,,2024-11-08T00:20:31.000000,GET /wp-content/plugins/seoo/wsoyanz.php HTTP/1.1,301,178,,
52.169.249.118,,2024-11-08T00:20:31.000000,GET /wp-content/plugins/seoo/wsoyanz.php HTTP/1.1,200,2580,,
52.169.249.118,,2024-11-08T00:20:32.000000,GET /wp-content/plugins/seoo/wsoyanz1.php HTTP/1.1,301,178,,
52.169.249.118,,2024-11-08T00:20:32.000000,GET /wp-content/plugins/seoo/wsoyanz1.php HTTP/1.1,200,2580,,
52.169.249.118,,2024-11-08T00:20:32.000000,GET /cache-compat.php HTTP/1.1,301,178,,
52.169.249.118,,2024-11-08T00:20:32.000000,GET /cache-compat.php HTTP/1.1,200,2580,,
52.169.249.118,,2024-11-08T00:20:32.000000,GET /ajax-actions.php HTTP/1.1,301,178,,
52.169.249.118,,2024-11-08T00:20:32.000000,GET /ajax-actions.php HTTP/1.1,200,2580,,
52.169.249.118,,2024-11-08T00:20:32.000000,GET /wp-admin/ajax-actions.php HTTP/1.1,301,178,,
52.169.249.118,,2024-11-08T00:20:32.000000,GET /wp-admin/ajax-actions.php HTTP/1.1,200,2580,,
52.169.249.118,,2024-11-08T00:20:32.000000,GET /wp-consar.php HTTP/1.1,301,178,,
52.169.249.118,,2024-11-08T00:20:32.000000,GET /wp-consar.php HTTP/1.1,200,2580,,
52.169.249.118,,2024-11-08T00:20:32.000000,GET /repeater.php HTTP/1.1,301,178,,
52.169.249.118,,2024-11-08T00:20:33.000000,GET /repeater.php HTTP/1.1,200,2580,,
52.169.249.118,,2024-11-08T00:20:33.000000,GET /admin-post.php HTTP/1.1,301,178,,
52.169.249.118,,2024-11-08T00:20:33.000000,GET /admin-post.php HTTP/1.1,200,2580,,
52.169.249.118,,2024-11-08T00:20:33.000000,GET /wp-admin/maint/maint/ajax-actions.php HTTP/1.1,301,178,,
52.169.249.118,,2024-11-08T00:20:33.000000,GET /wp-admin/maint/maint/ajax-actions.php HTTP/1.1,200,2580,,
52.169.249.118,,2024-11-08T00:20:33.000000,GET /wp-admin/dropdown.php HTTP/1.1,301,178,,
52.169.249.118,,2024-11-08T00:20:33.000000,GET /wp-admin/dropdown.php HTTP/1.1,200,2580,,
52.169.249.118,,2024-11-08T00:20:33.000000,GET /wp-admin/css/index.php HTTP/1.1,301,178,,
52.169.249.118,,2024-11-08T00:20:33.000000,GET /wp-admin/css/index.php HTTP/1.1,200,2580,,
52.169.249.118,,2024-11-08T00:20:33.000000,GET /dropdown.php HTTP/1.1,301,178,,
52.169.249.118,,2024-11-08T00:20:34.000000,GET /dropdown.php HTTP/1.1,200,2580,,
52.169.249.118,,2024-11-08T00:20:34.000000,GET /about.php HTTP/1.1,301,178,,
52.169.249.118,,2024-11-08T00:20:34.000000,GET /about.php HTTP/1.1,200,2580,,
52.169.249.118,,2024-11-08T00:20:34.000000,GET /about.php7 HTTP/1.1,301,178,,
52.169.249.118,,2024-11-08T00:20:34.000000,GET /about.php7 HTTP/1.1,200,2580,,
52.169.249.118,,2024-11-08T00:20:34.000000,GET /alfanew.php7 HTTP/1.1,301,178,,
52.169.249.118,,2024-11-08T00:20:34.000000,GET /alfanew.php7 HTTP/1.1,200,2580,,
52.169.249.118,,2024-11-08T00:20:34.000000,GET /adminfuns.php7 HTTP/1.1,301,178,,
52.169.249.118,,2024-11-08T00:20:34.000000,GET /adminfuns.php7 HTTP/1.1,200,2580,,
52.169.249.118,,2024-11-08T00:20:34.000000,GET /ebs.php7 HTTP/1.1,301,178,,
52.169.249.118,,2024-11-08T00:20:34.000000,GET /ebs.php7 HTTP/1.1,200,2580,,
52.169.249.118,,2024-11-08T00:20:35.000000,GET /ws.php7 HTTP/1.1,301,178,,
52.169.249.118,,2024-11-08T00:20:35.000000,GET /ws.php7 HTTP/1.1,200,2580,,
52.169.249.118,,2024-11-08T00:20:35.000000,GET /alfanew2.php7 HTTP/1.1,301,178,,
52.169.249.118,,2024-11-08T00:20:35.000000,GET /alfanew2.php7 HTTP/1.1,200,2580,,
52.169.249.118,,2024-11-08T00:20:35.000000,GET /alfa-rex2.php7 HTTP/1.1,301,178,,
52.169.249.118,,2024-11-08T00:20:35.000000,GET /alfa-rex2.php7 HTTP/1.1,200,2580,,
52.169.249.118,,2024-11-08T00:20:35.000000,GET /wp-admin/images/index.php HTTP/1.1,301,178,,
52.169.249.118,,2024-11-08T00:20:35.000000,GET /wp-admin/images/index.php HTTP/1.1,200,2580,,
52.169.249.118,,2024-11-08T00:20:35.000000,GET /wp-admin/css/colors/index.php HTTP/1.1,301,178,,
52.169.249.118,,2024-11-08T00:20:35.000000,GET /wp-admin/css/colors/index.php HTTP/1.1,200,2580,,
52.169.249.118,,2024-11-08T00:20:36.000000,GET /wp-content/themes/pridmag/db.php?u HTTP/1.1,301,178,,
52.169.249.118,,2024-11-08T00:20:36.000000,GET /wp-content/themes/pridmag/db.php?u HTTP/1.1,200,2580,,
52.169.249.118,,2024-11-08T00:20:36.000000,GET /wp-content/themes/seotheme/mar.php HTTP/1.1,301,178,,
52.169.249.118,,2024-11-08T00:20:36.000000,GET /wp-content/themes/seotheme/mar.php HTTP/1.1,200,2580,,
52.169.249.118,,2024-11-08T00:20:36.000000,GET /wp-content/plugins/linkpreview/db.php?u HTTP/1.1,301,178,,
52.169.249.118,,2024-11-08T00:20:36.000000,GET /wp-content/plugins/linkpreview/db.php?u HTTP/1.1,200,2580,,
52.169.249.118,,2024-11-08T00:20:36.000000,GET /wp-content/themes/seotheme/db.php?u HTTP/1.1,301,178,,
52.169.249.118,,2024-11-08T00:20:36.000000,GET /wp-content/themes/seotheme/db.php?u HTTP/1.1,200,2580,,
52.169.249.118,,2024-11-08T00:20:36.000000,GET /wp-content/plugins/seoplugins/db.php?u HTTP/1.1,301,178,,
52.169.249.118,,2024-11-08T00:20:37.000000,GET /wp-content/plugins/seoplugins/db.php?u HTTP/1.1,200,2580,,
52.169.249.118,,2024-11-08T00:20:37.000000,GET /wp-content/plugins/seoplugins/mar.php HTTP/1.1,301,178,,
52.169.249.118,,2024-11-08T00:20:37.000000,GET /wp-content/plugins/seoplugins/mar.php HTTP/1.1,200,2580,,
52.169.249.118,,2024-11-08T00:20:37.000000,GET /.well-known/pki-validation/xmrlpc.php?p= HTTP/1.1,301,178,,
52.169.249.118,,2024-11-08T00:20:37.000000,GET /.well-known/pki-validation/xmrlpc.php?p= HTTP/1.1,200,2580,,
52.169.249.118,,2024-11-08T00:20:37.000000,GET /.well-known/acme-challenge/xmrlpc.php?p= HTTP/1.1,301,178,,
52.169.249.118,,2024-11-08T00:20:37.000000,GET /.well-known/acme-challenge/xmrlpc.php?p= HTTP/1.1,404,162,,
52.169.249.118,,2024-11-08T00:20:37.000000,GET /wp-admin/network/xmrlpc.php?p= HTTP/1.1,301,178,,
52.169.249.118,,2024-11-08T00:20:37.000000,GET /wp-admin/network/xmrlpc.php?p= HTTP/1.1,200,2580,,
52.169.249.118,,2024-11-08T00:20:37.000000,GET /xmrlpc.php?p= HTTP/1.1,301,178,,
52.169.249.118,,2024-11-08T00:20:38.000000,GET /xmrlpc.php?p= HTTP/1.1,200,2580,,
52.169.249.118,,2024-11-08T00:20:38.000000,GET /cgi-bin/xmrlpc.php?p= HTTP/1.1,301,178,,
52.169.249.118,,2024-11-08T00:20:38.000000,GET /cgi-bin/xmrlpc.php?p= HTTP/1.1,200,2580,,
52.169.249.118,,2024-11-08T00:20:38.000000,GET /css/xmrlpc.php?p= HTTP/1.1,301,178,,
52.169.249.118,,2024-11-08T00:20:38.000000,GET /css/xmrlpc.php?p= HTTP/1.1,200,2580,,
52.169.249.118,,2024-11-08T00:20:38.000000,GET /wp-admin/user/xmrlpc.php?p= HTTP/1.1,301,178,,
52.169.249.118,,2024-11-08T00:20:38.000000,GET /wp-admin/user/xmrlpc.php?p= HTTP/1.1,200,2580,,
52.169.249.118,,2024-11-08T00:20:38.000000,GET /img/xmrlpc.php?p= HTTP/1.1,301,178,,
52.169.249.118,,2024-11-08T00:20:38.000000,GET /img/xmrlpc.php?p= HTTP/1.1,200,2580,,
52.169.249.118,,2024-11-08T00:20:38.000000,GET /wp-admin/css/colors/coffee/xmrlpc.php?p= HTTP/1.1,301,178,,
52.169.249.118,,2024-11-08T00:20:39.000000,GET /wp-admin/css/colors/coffee/xmrlpc.php?p= HTTP/1.1,200,2580,,
52.169.249.118,,2024-11-08T00:20:39.000000,GET /wp-admin/images/xmrlpc.php?p= HTTP/1.1,301,178,,
52.169.249.118,,2024-11-08T00:20:39.000000,GET /wp-admin/images/xmrlpc.php?p= HTTP/1.1,200,2580,,
52.169.249.118,,2024-11-08T00:20:39.000000,GET /images/xmrlpc.php?p= HTTP/1.1,301,178,,
52.169.249.118,,2024-11-08T00:20:39.000000,GET /images/xmrlpc.php?p= HTTP/1.1,200,2580,,
52.169.249.118,,2024-11-08T00:20:39.000000,GET /wp-admin/js/widgets/xmrlpc.php?p= HTTP/1.1,301,178,,
52.169.249.118,,2024-11-08T00:20:39.000000,GET /wp-admin/js/widgets/xmrlpc.php?p= HTTP/1.1,200,2580,,
52.169.249.118,,2024-11-08T00:20:39.000000,GET /wp-admin/css/colors/xmrlpc.php?p= HTTP/1.1,301,178,,
52.169.249.118,,2024-11-08T00:20:39.000000,GET /wp-admin/css/colors/xmrlpc.php?p= HTTP/1.1,200,2580,,
52.169.249.118,,2024-11-08T00:20:39.000000,GET /wp-admin/includes/xmrlpc.php?p= HTTP/1.1,301,178,,
52.169.249.118,,2024-11-08T00:20:39.000000,GET /wp-admin/includes/xmrlpc.php?p= HTTP/1.1,200,2580,,
52.169.249.118,,2024-11-08T00:20:40.000000,GET /wp-admin/css/colors/blue/xmrlpc.php?p= HTTP/1.1,301,178,,
52.169.249.118,,2024-11-08T00:20:40.000000,GET /wp-admin/css/colors/blue/xmrlpc.php?p= HTTP/1.1,200,2580,,
52.169.249.118,,2024-11-08T00:20:40.000000,GET /wp-admin/xmrlpc.php?p= HTTP/1.1,301,178,,
52.169.249.118,,2024-11-08T00:20:40.000000,GET /wp-admin/xmrlpc.php?p= HTTP/1.1,200,2580,,
52.169.249.118,,2024-11-08T00:20:40.000000,GET /cgi-bin/xmrlpc.php HTTP/1.1,301,178,,
52.169.249.118,,2024-11-08T00:20:40.000000,GET /cgi-bin/xmrlpc.php HTTP/1.1,200,2580,,
52.169.249.118,,2024-11-08T00:20:40.000000,GET /404.php HTTP/1.1,301,178,,
52.169.249.118,,2024-11-08T00:20:40.000000,GET /404.php HTTP/1.1,200,2580,,
52.169.249.118,,2024-11-08T00:20:40.000000,GET /wp-configs.php HTTP/1.1,301,178,,
52.169.249.118,,2024-11-08T00:20:40.000000,GET /wp-configs.php HTTP/1.1,200,2580,,
52.169.249.118,,2024-11-08T00:20:41.000000,GET /simple.php HTTP/1.1,301,178,,
52.169.249.118,,2024-11-08T00:20:41.000000,GET /simple.php HTTP/1.1,200,2580,,
52.169.249.118,,2024-11-08T00:20:41.000000,GET /themes.php HTTP/1.1,301,178,,
52.169.249.118,,2024-11-08T00:20:41.000000,GET /themes.php HTTP/1.1,200,2580,,
52.169.249.118,,2024-11-08T00:20:41.000000,GET /ini.php HTTP/1.1,301,178,,
52.169.249.118,,2024-11-08T00:20:41.000000,GET /ini.php HTTP/1.1,200,2580,,
52.169.249.118,,2024-11-08T00:20:41.000000,GET /autoload_classmap.php HTTP/1.1,301,178,,
52.169.249.118,,2024-11-08T00:20:41.000000,GET /autoload_classmap.php HTTP/1.1,200,2580,,
52.169.249.118,,2024-11-08T00:20:41.000000,GET /as.php HTTP/1.1,301,178,,
52.169.249.118,,2024-11-08T00:20:41.000000,GET /as.php HTTP/1.1,200,2580,,
52.169.249.118,,2024-11-08T00:20:41.000000,GET /admin/upload/css.php HTTP/1.1,301,178,,
52.169.249.118,,2024-11-08T00:20:42.000000,GET /admin/upload/css.php HTTP/1.1,200,2580,,
52.169.249.118,,2024-11-08T00:20:42.000000,GET /.well-known/pki-validation/afnew.php HTTP/1.1,301,178,,
52.169.249.118,,2024-11-08T00:20:42.000000,GET /.well-known/pki-validation/afnew.php HTTP/1.1,200,2580,,
52.169.249.118,,2024-11-08T00:20:42.000000,GET /lufix.php HTTP/1.1,301,178,,
52.169.249.118,,2024-11-08T00:20:42.000000,GET /lufix.php HTTP/1.1,200,2580,,
52.169.249.118,,2024-11-08T00:20:42.000000,GET /media.php HTTP/1.1,301,178,,
52.169.249.118,,2024-11-08T00:20:42.000000,GET /media.php HTTP/1.1,200,2580,,
52.169.249.118,,2024-11-08T00:20:42.000000,GET /contact.php HTTP/1.1,301,178,,
52.169.249.118,,2024-11-08T00:20:42.000000,GET /contact.php HTTP/1.1,200,2580,,
52.169.249.118,,2024-11-08T00:20:42.000000,GET /byp.php HTTP/1.1,301,178,,
52.169.249.118,,2024-11-08T00:20:43.000000,GET /byp.php HTTP/1.1,200,2580,,
52.169.249.118,,2024-11-08T00:20:43.000000,GET /upload.php HTTP/1.1,301,178,,
52.169.249.118,,2024-11-08T00:20:43.000000,GET /upload.php HTTP/1.1,200,2580,,
52.169.249.118,,2024-11-08T00:20:43.000000,GET /wp-content/themes/sketch/404.php HTTP/1.1,301,178,,
52.169.249.118,,2024-11-08T00:20:43.000000,GET /wp-content/themes/sketch/404.php HTTP/1.1,200,2580,,
52.169.249.118,,2024-11-08T00:20:43.000000,GET /test.php HTTP/1.1,301,178,,
52.169.249.118,,2024-11-08T00:20:43.000000,GET /test.php HTTP/1.1,200,2580,,
52.169.249.118,,2024-11-08T00:20:43.000000,GET /cong.php HTTP/1.1,301,178,,
52.169.249.118,,2024-11-08T00:20:43.000000,GET /cong.php HTTP/1.1,200,2580,,
52.169.249.118,,2024-11-08T00:20:43.000000,GET /about/function.php HTTP/1.1,301,178,,
52.169.249.118,,2024-11-08T00:20:44.000000,GET /about/function.php HTTP/1.1,200,2580,,
52.169.249.118,,2024-11-08T00:20:44.000000,GET /filemanager/dialog.php HTTP/1.1,301,178,,
52.169.249.118,,2024-11-08T00:20:44.000000,GET /filemanager/dialog.php HTTP/1.1,200,2580,,
52.169.249.118,,2024-11-08T00:20:44.000000,GET /bak.php HTTP/1.1,301,178,,
52.169.249.118,,2024-11-08T00:20:44.000000,GET /bak.php HTTP/1.1,200,2580,,
52.169.249.118,,2024-11-08T00:20:44.000000,GET /wp-info.php HTTP/1.1,301,178,,
52.169.249.118,,2024-11-08T00:20:44.000000,GET /wp-info.php HTTP/1.1,200,2580,,
52.169.249.118,,2024-11-08T00:20:44.000000,GET /files/index.php HTTP/1.1,301,178,,
52.169.249.118,,2024-11-08T00:20:44.000000,GET /files/index.php HTTP/1.1,200,2580,,
52.169.249.118,,2024-11-08T00:20:44.000000,GET /css.php HTTP/1.1,301,178,,
52.169.249.118,,2024-11-08T00:20:45.000000,GET /css.php HTTP/1.1,200,2580,,
52.169.249.118,,2024-11-08T00:20:45.000000,GET /css/index.php HTTP/1.1,301,178,,
52.169.249.118,,2024-11-08T00:20:45.000000,GET /css/index.php HTTP/1.1,200,2580,,
52.169.249.118,,2024-11-08T00:20:45.000000,GET /wp-includes/bak.php HTTP/1.1,301,178,,
52.169.249.118,,2024-11-08T00:20:45.000000,GET /wp-includes/bak.php HTTP/1.1,200,2580,,
52.169.249.118,,2024-11-08T00:20:45.000000,GET /wp-admin/wp-login.php HTTP/1.1,301,178,,
52.169.249.118,,2024-11-08T00:20:45.000000,GET /wp-admin/wp-login.php HTTP/1.1,200,2580,,
52.169.249.118,,2024-11-08T00:20:45.000000,GET /wp-includes/cloud.php HTTP/1.1,301,178,,
52.169.249.118,,2024-11-08T00:20:45.000000,GET /wp-includes/cloud.php HTTP/1.1,200,2580,,
52.169.249.118,,2024-11-08T00:20:45.000000,GET /wp-content/index.php HTTP/1.1,301,178,,
52.169.249.118,,2024-11-08T00:20:45.000000,GET /wp-content/index.php HTTP/1.1,200,2580,,
52.169.249.118,,2024-11-08T00:20:46.000000,GET /readme.php HTTP/1.1,301,178,,
52.169.249.118,,2024-11-08T00:20:46.000000,GET /readme.php HTTP/1.1,200,2580,,
52.169.249.118,,2024-11-08T00:20:46.000000,GET /wp-admin/about.php HTTP/1.1,301,178,,
52.169.249.118,,2024-11-08T00:20:46.000000,GET /wp-admin/about.php HTTP/1.1,200,2580,,
52.169.249.118,,2024-11-08T00:20:46.000000,GET /wp-content/themes/404.php HTTP/1.1,301,178,,
52.169.249.118,,2024-11-08T00:20:46.000000,GET /wp-content/themes/404.php HTTP/1.1,200,2580,,
52.169.249.118,,2024-11-08T00:20:46.000000,GET /wp-admin/index.php HTTP/1.1,301,178,,
52.169.249.118,,2024-11-08T00:20:46.000000,GET /wp-admin/index.php HTTP/1.1,200,2580,,
52.169.249.118,,2024-11-08T00:20:46.000000,GET /wp-content/themes.php HTTP/1.1,301,178,,
52.169.249.118,,2024-11-08T00:20:46.000000,GET /wp-content/themes.php HTTP/1.1,200,2580,,
52.169.249.118,,2024-11-08T00:20:47.000000,GET /wp-content/dropdown.php HTTP/1.1,301,178,,
52.169.249.118,,2024-11-08T00:20:47.000000,GET /wp-content/dropdown.php HTTP/1.1,200,2580,,
52.169.249.118,,2024-11-08T00:20:47.000000,GET /wp-includes/404.php HTTP/1.1,301,178,,
52.169.249.118,,2024-11-08T00:20:47.000000,GET /wp-includes/404.php HTTP/1.1,200,2580,,
52.169.249.118,,2024-11-08T00:20:47.000000,GET /wp-content/upgrade/index.php HTTP/1.1,301,178,,
52.169.249.118,,2024-11-08T00:20:47.000000,GET /wp-content/upgrade/index.php HTTP/1.1,200,2580,,
52.169.249.118,,2024-11-08T00:20:47.000000,GET /cgi-bin/file.php HTTP/1.1,301,178,,
52.169.249.118,,2024-11-08T00:20:47.000000,GET /cgi-bin/file.php HTTP/1.1,200,2580,,
52.169.249.118,,2024-11-08T00:20:47.000000,GET /.well-known/index.php HTTP/1.1,301,178,,
52.169.249.118,,2024-11-08T00:20:47.000000,GET /.well-known/index.php HTTP/1.1,200,2580,,
52.169.249.118,,2024-11-08T00:20:48.000000,GET /wp-content/cloud.php HTTP/1.1,301,178,,
52.169.249.118,,2024-11-08T00:20:48.000000,GET /wp-content/cloud.php HTTP/1.1,200,2580,,
52.169.249.118,,2024-11-08T00:20:48.000000,GET /.well-known/acme-challenge/index.php HTTP/1.1,301,178,,
52.169.249.118,,2024-11-08T00:20:48.000000,GET /.well-known/acme-challenge/index.php HTTP/1.1,404,162,,
52.169.249.118,,2024-11-08T00:20:48.000000,GET /cgi-bin/404.php HTTP/1.1,301,178,,
52.169.249.118,,2024-11-08T00:20:48.000000,GET /cgi-bin/404.php HTTP/1.1,200,2580,,
52.169.249.118,,2024-11-08T00:20:48.000000,GET /wp-includes/function.php HTTP/1.1,301,178,,
52.169.249.118,,2024-11-08T00:20:48.000000,GET /wp-includes/function.php HTTP/1.1,200,2580,,
52.169.249.118,,2024-11-08T00:20:48.000000,GET /file.php HTTP/1.1,301,178,,
52.169.249.118,,2024-11-08T00:20:48.000000,GET /file.php HTTP/1.1,200,2580,,
52.169.249.118,,2024-11-08T00:20:48.000000,GET /.well-known/acme-challenge/autoload_classmap.php HTTP/1.1,301,178,,
52.169.249.118,,2024-11-08T00:20:49.000000,GET /.well-known/acme-challenge/autoload_classmap.php HTTP/1.1,404,162,,
52.169.249.118,,2024-11-08T00:20:49.000000,GET /wp-includes/themes.php HTTP/1.1,301,178,,
52.169.249.118,,2024-11-08T00:20:49.000000,GET /wp-includes/themes.php HTTP/1.1,200,2580,,
52.169.249.118,,2024-11-08T00:20:49.000000,GET /wp-includes/wp-login.php HTTP/1.1,301,178,,
52.169.249.118,,2024-11-08T00:20:49.000000,GET /wp-includes/wp-login.php HTTP/1.1,200,2580,,
52.169.249.118,,2024-11-08T00:20:49.000000,GET /wp-content/file.php HTTP/1.1,301,178,,
52.169.249.118,,2024-11-08T00:20:49.000000,GET /wp-content/file.php HTTP/1.1,200,2580,,
52.169.249.118,,2024-11-08T00:20:49.000000,GET /wp-trackback.php HTTP/1.1,301,178,,
52.169.249.118,,2024-11-08T00:20:49.000000,GET /wp-trackback.php HTTP/1.1,200,2580,,
52.169.249.118,,2024-11-08T00:20:49.000000,GET /wp-includes/SimplePie/wp-login.php HTTP/1.1,301,178,,
52.169.249.118,,2024-11-08T00:20:50.000000,GET /wp-includes/SimplePie/wp-login.php HTTP/1.1,200,2580,,
52.169.249.118,,2024-11-08T00:20:50.000000,GET /cgi-bin/index.php HTTP/1.1,301,178,,
52.169.249.118,,2024-11-08T00:20:50.000000,GET /cgi-bin/index.php HTTP/1.1,200,2580,,
52.169.249.118,,2024-11-08T00:20:50.000000,GET /wp-admin/themes.php HTTP/1.1,301,178,,
52.169.249.118,,2024-11-08T00:20:50.000000,GET /wp-admin/themes.php HTTP/1.1,200,2580,,
52.169.249.118,,2024-11-08T00:20:50.000000,GET /.well-known/cloud.php HTTP/1.1,301,178,,
52.169.249.118,,2024-11-08T00:20:50.000000,GET /.well-known/cloud.php HTTP/1.1,200,2580,,
52.169.249.118,,2024-11-08T00:20:50.000000,GET /.well-known/wp-load.php HTTP/1.1,301,178,,
52.169.249.118,,2024-11-08T00:20:50.000000,GET /.well-known/wp-load.php HTTP/1.1,200,2580,,
52.169.249.118,,2024-11-08T00:20:50.000000,GET /.well-known/file.php HTTP/1.1,301,178,,
52.169.249.118,,2024-11-08T00:20:51.000000,GET /.well-known/file.php HTTP/1.1,200,2580,,
52.169.249.118,,2024-11-08T00:20:51.000000,GET /.well-known/makeasmtp.php HTTP/1.1,301,178,,
52.169.249.118,,2024-11-08T00:20:51.000000,GET /.well-known/makeasmtp.php HTTP/1.1,200,2580,,
52.169.249.118,,2024-11-08T00:20:51.000000,GET /wp-includes/index.php HTTP/1.1,301,178,,
52.169.249.118,,2024-11-08T00:20:51.000000,GET /wp-includes/index.php HTTP/1.1,200,2580,,
52.169.249.118,,2024-11-08T00:20:51.000000,GET /.well-known/acme-challenge/admin.php HTTP/1.1,301,178,,
52.169.249.118,,2024-11-08T00:20:51.000000,GET /.well-known/acme-challenge/admin.php HTTP/1.1,404,162,,
52.169.249.118,,2024-11-08T00:20:51.000000,GET /wp-admin/404.php HTTP/1.1,301,178,,
52.169.249.118,,2024-11-08T00:20:51.000000,GET /wp-admin/404.php HTTP/1.1,200,2580,,
52.169.249.118,,2024-11-08T00:20:51.000000,GET /.well-known/acme-challenge/makeasmtp.php HTTP/1.1,301,178,,
52.169.249.118,,2024-11-08T00:20:51.000000,GET /.well-known/acme-challenge/makeasmtp.php HTTP/1.1,404,162,,
52.169.249.118,,2024-11-08T00:20:52.000000,GET /radio.php HTTP/1.1,301,178,,
52.169.249.118,,2024-11-08T00:20:52.000000,GET /radio.php HTTP/1.1,200,2580,,
52.169.249.118,,2024-11-08T00:20:52.000000,GET /wp-content/themes/index.php HTTP/1.1,301,178,,
52.169.249.118,,2024-11-08T00:20:52.000000,GET /wp-content/themes/index.php HTTP/1.1,200,2580,,
52.169.249.118,,2024-11-08T00:20:52.000000,GET /wp-includes/admin.php HTTP/1.1,301,178,,
52.169.249.118,,2024-11-08T00:20:52.000000,GET /wp-includes/admin.php HTTP/1.1,200,2580,,
52.169.249.118,,2024-11-08T00:20:52.000000,GET /wp-includes/system_log.php?p= HTTP/1.1,301,178,,
52.169.249.118,,2024-11-08T00:20:52.000000,GET /wp-includes/system_log.php?p= HTTP/1.1,200,2580,,
52.169.249.118,,2024-11-08T00:20:52.000000,GET /wp-includes/wp-activate.php HTTP/1.1,301,178,,
52.169.249.118,,2024-11-08T00:20:52.000000,GET /wp-includes/wp-activate.php HTTP/1.1,200,2580,,
52.169.249.118,,2024-11-08T00:20:53.000000,GET /wp-includes/makeasmtp.php HTTP/1.1,301,178,,
52.169.249.118,,2024-11-08T00:20:53.000000,GET /wp-includes/makeasmtp.php HTTP/1.1,200,2580,,
52.169.249.118,,2024-11-08T00:20:53.000000,GET /wp-admin/user/index.php HTTP/1.1,301,178,,
52.169.249.118,,2024-11-08T00:20:53.000000,GET /wp-admin/user/index.php HTTP/1.1,200,2580,,
52.169.249.118,,2024-11-08T00:20:53.000000,GET /link.php HTTP/1.1,301,178,,
52.169.249.118,,2024-11-08T00:20:53.000000,GET /link.php HTTP/1.1,200,2580,,
52.169.249.118,,2024-11-08T00:20:53.000000,GET /wp-content/autoload_classmap.php HTTP/1.1,301,178,,
52.169.249.118,,2024-11-08T00:20:53.000000,GET /wp-content/autoload_classmap.php HTTP/1.1,200,2580,,
52.169.249.118,,2024-11-08T00:20:53.000000,GET /cgi-bin/themes.php HTTP/1.1,301,178,,
52.169.249.118,,2024-11-08T00:20:53.000000,GET /cgi-bin/themes.php HTTP/1.1,200,2580,,
52.169.249.118,,2024-11-08T00:20:54.000000,GET /wp-content/themes/admin.php HTTP/1.1,301,178,,
52.169.249.118,,2024-11-08T00:20:54.000000,GET /wp-content/themes/admin.php HTTP/1.1,200,2580,,
52.169.249.118,,2024-11-08T00:20:54.000000,GET /wp-admin/css/wp-login.php HTTP/1.1,301,178,,
52.169.249.118,,2024-11-08T00:20:54.000000,GET /wp-admin/css/wp-login.php HTTP/1.1,200,2580,,
52.169.249.118,,2024-11-08T00:20:54.000000,GET /function.php HTTP/1.1,301,178,,
52.169.249.118,,2024-11-08T00:20:54.000000,GET /function.php HTTP/1.1,200,2580,,
52.169.249.118,,2024-11-08T00:20:54.000000,GET /wp-admin/images/wp-login.php HTTP/1.1,301,178,,
52.169.249.118,,2024-11-08T00:20:54.000000,GET /wp-admin/images/wp-login.php HTTP/1.1,200,2580,,
52.169.249.118,,2024-11-08T00:20:54.000000,GET /log.php HTTP/1.1,301,178,,
52.169.249.118,,2024-11-08T00:20:54.000000,GET /log.php HTTP/1.1,200,2580,,
52.169.249.118,,2024-11-08T00:20:54.000000,GET /wp-admin/wp-signup.php HTTP/1.1,301,178,,
52.169.249.118,,2024-11-08T00:20:55.000000,GET /wp-admin/wp-signup.php HTTP/1.1,200,2580,,
52.169.249.118,,2024-11-08T00:20:55.000000,GET /wp-content/themes/themes.php HTTP/1.1,301,178,,
52.169.249.118,,2024-11-08T00:20:55.000000,GET /wp-content/themes/themes.php HTTP/1.1,200,2580,,
52.169.249.118,,2024-11-08T00:20:55.000000,GET /.well-known/radio.php HTTP/1.1,301,178,,
52.169.249.118,,2024-11-08T00:20:55.000000,GET /.well-known/radio.php HTTP/1.1,200,2580,,
52.169.249.118,,2024-11-08T00:20:55.000000,GET /wp-mail.php HTTP/1.1,301,178,,
52.169.249.118,,2024-11-08T00:20:55.000000,GET /wp-mail.php HTTP/1.1,200,2580,,
52.169.249.118,,2024-11-08T00:20:55.000000,GET /.well-known/pki-validation/index.php HTTP/1.1,301,178,,
52.169.249.118,,2024-11-08T00:20:55.000000,GET /.well-known/pki-validation/index.php HTTP/1.1,200,2580,,
52.169.249.118,,2024-11-08T00:20:55.000000,GET /.well-known/admin.php HTTP/1.1,301,178,,
52.169.249.118,,2024-11-08T00:20:56.000000,GET /.well-known/admin.php HTTP/1.1,200,2580,,
52.169.249.118,,2024-11-08T00:20:56.000000,GET /cgi-bin/wp-login.php HTTP/1.1,301,178,,
52.169.249.118,,2024-11-08T00:20:56.000000,GET /cgi-bin/wp-login.php HTTP/1.1,200,2580,,
52.169.249.118,,2024-11-08T00:20:56.000000,GET /wp-links-opml.php HTTP/1.1,301,178,,
52.169.249.118,,2024-11-08T00:20:56.000000,GET /wp-links-opml.php HTTP/1.1,200,2580,,
52.169.249.118,,2024-11-08T00:20:56.000000,GET /.well-known/acme-challenge/radio.php HTTP/1.1,301,178,,
52.169.249.118,,2024-11-08T00:20:56.000000,GET /.well-known/acme-challenge/radio.php HTTP/1.1,404,162,,
52.169.249.118,,2024-11-08T00:20:56.000000,GET /wp-admin/images/file.php HTTP/1.1,301,178,,
52.169.249.118,,2024-11-08T00:20:57.000000,GET /wp-admin/images/file.php HTTP/1.1,200,2580,,
52.169.249.118,,2024-11-08T00:20:57.000000,GET /wp-content/upgrade/function.php HTTP/1.1,301,178,,
52.169.249.118,,2024-11-08T00:20:57.000000,GET /wp-content/upgrade/function.php HTTP/1.1,200,2580,,
52.169.249.118,,2024-11-08T00:20:57.000000,GET /wp-admin/user/themes.php HTTP/1.1,301,178,,
52.169.249.118,,2024-11-08T00:20:57.000000,GET /wp-admin/user/themes.php HTTP/1.1,200,2580,,
52.169.249.118,,2024-11-08T00:20:57.000000,GET /cgi-bin/radio.php HTTP/1.1,301,178,,
52.169.249.118,,2024-11-08T00:20:57.000000,GET /cgi-bin/radio.php HTTP/1.1,200,2580,,
52.169.249.118,,2024-11-08T00:20:57.000000,GET /wp-admin/css/license.php HTTP/1.1,301,178,,
52.169.249.118,,2024-11-08T00:20:57.000000,GET /wp-admin/css/license.php HTTP/1.1,200,2580,,
52.169.249.118,,2024-11-08T00:20:57.000000,GET /.well-known/pki-validation/wp-config.php HTTP/1.1,301,178,,
52.169.249.118,,2024-11-08T00:20:57.000000,GET /.well-known/pki-validation/wp-config.php HTTP/1.1,200,2580,,
52.169.249.118,,2024-11-08T00:20:58.000000,GET /wp-content/radio.php HTTP/1.1,301,178,,
52.169.249.118,,2024-11-08T00:20:58.000000,GET /wp-content/radio.php HTTP/1.1,200,2580,,
52.169.249.118,,2024-11-08T00:20:58.000000,GET /wp-content/plugins/about.php HTTP/1.1,301,178,,
52.169.249.118,,2024-11-08T00:20:58.000000,GET /wp-content/plugins/about.php HTTP/1.1,200,2580,,
52.169.249.118,,2024-11-08T00:20:58.000000,GET /wp-admin/autoload_classmap.php HTTP/1.1,301,178,,
52.169.249.118,,2024-11-08T00:20:58.000000,GET /wp-admin/autoload_classmap.php HTTP/1.1,200,2580,,
52.169.249.118,,2024-11-08T00:20:58.000000,GET /.well-known/wp-login.php HTTP/1.1,301,178,,
52.169.249.118,,2024-11-08T00:20:58.000000,GET /.well-known/wp-login.php HTTP/1.1,200,2580,,
52.169.249.118,,2024-11-08T00:20:58.000000,GET /wp-includes/wp-load.php HTTP/1.1,301,178,,
52.169.249.118,,2024-11-08T00:20:58.000000,GET /wp-includes/wp-load.php HTTP/1.1,200,2580,,
52.169.249.118,,2024-11-08T00:20:59.000000,GET /wp-admin/file.php HTTP/1.1,301,178,,
52.169.249.118,,2024-11-08T00:20:59.000000,GET /wp-admin/file.php HTTP/1.1,200,2580,,
52.169.249.118,,2024-11-08T00:20:59.000000,GET /.well-known/dropdown.php HTTP/1.1,301,178,,
52.169.249.118,,2024-11-08T00:20:59.000000,GET /.well-known/dropdown.php HTTP/1.1,200,2580,,
52.169.249.118,,2024-11-08T00:20:59.000000,GET /wp-content/plugins/dropdown.php HTTP/1.1,301,178,,
52.169.249.118,,2024-11-08T00:20:59.000000,GET /wp-content/plugins/dropdown.php HTTP/1.1,200,2580,,
52.169.249.118,,2024-11-08T00:20:59.000000,GET /wp-admin/includes/index.php HTTP/1.1,301,178,,
52.169.249.118,,2024-11-08T00:20:59.000000,GET /wp-admin/includes/index.php HTTP/1.1,200,2580,,
52.169.249.118,,2024-11-08T00:20:59.000000,GET /wp-signup.php HTTP/1.1,301,178,,
52.169.249.118,,2024-11-08T00:20:59.000000,GET /wp-signup.php HTTP/1.1,200,2580,,
52.169.249.118,,2024-11-08T00:21:00.000000,GET /wp-includes/images/css.php HTTP/1.1,301,178,,
52.169.249.118,,2024-11-08T00:21:00.000000,GET /wp-includes/images/css.php HTTP/1.1,200,2580,,
52.169.249.118,,2024-11-08T00:21:00.000000,GET /chosen.php HTTP/1.1,301,178,,
52.169.249.118,,2024-11-08T00:21:00.000000,GET /chosen.php HTTP/1.1,200,2580,,
52.169.249.118,,2024-11-08T00:21:00.000000,GET /wp-content/cong.php HTTP/1.1,301,178,,
52.169.249.118,,2024-11-08T00:21:00.000000,GET /wp-content/cong.php HTTP/1.1,200,2580,,
52.169.249.118,,2024-11-08T00:21:00.000000,GET /mah.php HTTP/1.1,301,178,,
52.169.249.118,,2024-11-08T00:21:00.000000,GET /mah.php HTTP/1.1,200,2580,,
52.169.249.118,,2024-11-08T00:21:00.000000,GET /.well-known/acme-challenge/plugins.php HTTP/1.1,301,178,,
52.169.249.118,,2024-11-08T00:21:00.000000,GET /.well-known/acme-challenge/plugins.php HTTP/1.1,404,162,,
52.169.249.118,,2024-11-08T00:21:00.000000,GET /ova-tools.php HTTP/1.1,301,178,,
52.169.249.118,,2024-11-08T00:21:01.000000,GET /ova-tools.php HTTP/1.1,200,2580,,
52.169.249.118,,2024-11-08T00:21:01.000000,GET /wp-admin/license.php HTTP/1.1,301,178,,
52.169.249.118,,2024-11-08T00:21:01.000000,GET /wp-admin/license.php HTTP/1.1,200,2580,,
52.169.249.118,,2024-11-08T00:21:01.000000,GET /text.php HTTP/1.1,301,178,,
52.169.249.118,,2024-11-08T00:21:01.000000,GET /text.php HTTP/1.1,200,2580,,
52.169.249.118,,2024-11-08T00:21:01.000000,GET /wp-admin/network/index.php HTTP/1.1,301,178,,
52.169.249.118,,2024-11-08T00:21:01.000000,GET /wp-admin/network/index.php HTTP/1.1,200,2580,,
52.169.249.118,,2024-11-08T00:21:01.000000,GET /makeasmtp.php HTTP/1.1,301,178,,
52.169.249.118,,2024-11-08T00:21:01.000000,GET /makeasmtp.php HTTP/1.1,200,2580,,
